item_slug,brand,name_en,name_ar,pack_size,pack_unit,pack_type,origin_country,in_aid_parcels,confidence,source_url,notes
tea,Lipton,"Lipton Yellow Label tea, 100 bags (150 g)",شاي ليبتون 100 كيس 150 غم,150,g,box,unknown,unknown,medium,https://www.palbazaar.com/%D9%85%D8%B4%D8%B1%D9%88%D8%A8%D8%A7%D8%AA-%D8%B3%D8%A7%D8%AE%D9%86%D8%A9,Palestinian online supermarket (prices in NIS); plausibly also in Gaza
tea,Lipton,"Lipton Yellow Label tea, 25 bags (50 g)",شاي ليبتون 25 كيس 50 غم,50,g,box,unknown,unknown,medium,https://www.palbazaar.com/%D9%85%D8%B4%D8%B1%D9%88%D8%A8%D8%A7%D8%AA-%D8%B3%D8%A7%D8%AE%D9%86%D8%A9,Palestinian online supermarket (prices in NIS); plausibly also in Gaza
tea,Al-Diyafa,Al-Diyafa premium Ceylon tea 250 g,الضيافة شاي سيلاني فاخر 250 غم,250,g,box,unknown,no,medium,https://www.palbazaar.com/%D9%85%D8%B4%D8%B1%D9%88%D8%A8%D8%A7%D8%AA-%D8%B3%D8%A7%D8%AE%D9%86%D8%A9,Palestinian online supermarket (prices in NIS); plausibly also in Gaza
tea,Al-Ghazaleen,Al-Ghazaleen loose tea 250 g,الغزالين شاي حلل 250 غم,250,g,box,Jordan,no,medium,https://www.palbazaar.com/%D9%85%D8%B4%D8%B1%D9%88%D8%A8%D8%A7%D8%AA-%D8%B3%D8%A7%D8%AE%D9%86%D8%A9,Palestinian online supermarket (prices in NIS); plausibly also in Gaza
tea,Al-Ghazaleen,Al-Ghazaleen loose tea 500 g,الغزالين شاي حلل 500 غم,500,g,box,Jordan,no,medium,https://www.palbazaar.com/%D9%85%D8%B4%D8%B1%D9%88%D8%A8%D8%A7%D8%AA-%D8%B3%D8%A7%D8%AE%D9%86%D8%A9,Palestinian online supermarket (prices in NIS); plausibly also in Gaza
tea,Al-Ghazaleen,Al-Ghazaleen loose tea 1 kg,الغزالين شاي حلل 1 كغم,1000,g,box,Jordan,no,medium,https://www.palbazaar.com/%D9%85%D8%B4%D8%B1%D9%88%D8%A8%D8%A7%D8%AA-%D8%B3%D8%A7%D8%AE%D9%86%D8%A9,Palestinian online supermarket (prices in NIS); plausibly also in Gaza; listed as unavailable at time of check
tea,Al-Ghazaleen,"Al-Ghazaleen black tea, 100 bags (200 g)",الغزالين شاي أسود 100 كيس 200 غرام,200,g,box,Jordan,no,medium,https://www.talabat.com/ar/jordan/talabat-mart/product/%D8%A7%D9%84%D8%BA%D8%B2%D8%A7%D9%84%D9%8A%D9%86-%D8%B4%D8%A7%D9%8A-%D8%A3%D8%B3%D9%88%D8%AF-%D8%A7%D9%83%D9%8A%D8%A7%D8%B3%D8%8C-100-%D9%83%D9%8A%D8%B3-%D8%B4%D8%A7%D9%8A%D8%8C-200-%D8%BA%D8%B1%D8%A7%D9%85/s/900027,Jordanian listing (JOD 1.59)
tea,Saad Al-Din Al-Ghazaleen,"Saad Al-Din Al-Ghazaleen tea, 100 bags",شاي سعد الدين الغزالين 100 كيس,100,piece,box,unknown,no,medium,https://www.palbazaar.com/%D9%85%D8%B4%D8%B1%D9%88%D8%A8%D8%A7%D8%AA-%D8%B3%D8%A7%D8%AE%D9%86%D8%A9,Palestinian online supermarket (prices in NIS); plausibly also in Gaza; bag weight not stated; confirmed on palbazaar listing
tea,Al-Nimer,"Al-Nimer original tea, 100 bags",النمر الاصلي شاي 100 كيس,100,piece,box,unknown,no,medium,https://www.palbazaar.com/%D9%85%D8%B4%D8%B1%D9%88%D8%A8%D8%A7%D8%AA-%D8%B3%D8%A7%D8%AE%D9%86%D8%A9,Palestinian online supermarket (prices in NIS); plausibly also in Gaza; bag weight not stated
tea,Al-Nimer,Al-Nimer original loose tea 250 g,النمر الاصلي شاي حلل 250 غم,250,g,box,unknown,no,medium,https://www.palbazaar.com/%D9%85%D8%B4%D8%B1%D9%88%D8%A8%D8%A7%D8%AA-%D8%B3%D8%A7%D8%AE%D9%86%D8%A9,Palestinian online supermarket (prices in NIS); plausibly also in Gaza
tea,Al-Nimer,Al-Nimer original loose tea 1 kg,النمر الاصلي شاي حلل 1 كغم,1000,g,box,unknown,no,medium,https://www.palbazaar.com/%D9%85%D8%B4%D8%B1%D9%88%D8%A8%D8%A7%D8%AA-%D8%B3%D8%A7%D8%AE%D9%86%D8%A9,Palestinian online supermarket (prices in NIS); plausibly also in Gaza; listed at 8 NIS which looks too low for 1 kg; size may be mislabelled; confirmed on palbazaar listing
tea,Ahmad Tea,"Ahmad Tea black (red), 100 bags 200 g",شاي احمد احمر 100 كيس 200 غم,200,g,box,United Kingdom,no,medium,https://www.palbazaar.com/%D9%85%D8%B4%D8%B1%D9%88%D8%A8%D8%A7%D8%AA-%D8%B3%D8%A7%D8%AE%D9%86%D8%A9,Palestinian online supermarket (prices in NIS); plausibly also in Gaza
tea,Ahmad Tea,"Ahmad Tea green, 100 bags 200 g",شاي احمد اخضر 100 كيس 200 غم,200,g,box,United Kingdom,no,medium,https://www.palbazaar.com/%D9%85%D8%B4%D8%B1%D9%88%D8%A8%D8%A7%D8%AA-%D8%B3%D8%A7%D8%AE%D9%86%D8%A9,Palestinian online supermarket (prices in NIS); plausibly also in Gaza; green tea
tea,Al-Jawad,Al-Jawad tea 250 g,شاي الجواد 250 غم,250,g,box,unknown,no,medium,https://www.palbazaar.com/%D9%85%D8%B4%D8%B1%D9%88%D8%A8%D8%A7%D8%AA-%D8%B3%D8%A7%D8%AE%D9%86%D8%A9,Palestinian online supermarket (prices in NIS); plausibly also in Gaza
tea,Al-Jawad,Al-Jawad tea 500 g,شاي الجواد 500 غم,500,g,box,unknown,no,medium,https://www.palbazaar.com/%D9%85%D8%B4%D8%B1%D9%88%D8%A8%D8%A7%D8%AA-%D8%B3%D8%A7%D8%AE%D9%86%D8%A9,Palestinian online supermarket (prices in NIS); plausibly also in Gaza
tea,Al-Jawad,Al-Jawad loose tea 250 g,شاي الجواد حلل 250 غم,250,g,bag,unknown,no,medium,https://www.palbazaar.com/%D9%85%D8%B4%D8%B1%D9%88%D8%A8%D8%A7%D8%AA-%D8%B3%D8%A7%D8%AE%D9%86%D8%A9,"Palestinian online supermarket (prices in NIS); plausibly also in Gaza; loose-leaf version, separate listing from boxed 250 g"
tea,Al-Jawad,Al-Jawad loose tea 1 kg,شاي الجواد حلل 1 كغم,1000,g,bag,unknown,no,medium,https://www.palbazaar.com/%D9%85%D8%B4%D8%B1%D9%88%D8%A8%D8%A7%D8%AA-%D8%B3%D8%A7%D8%AE%D9%86%D8%A9,Palestinian online supermarket (prices in NIS); plausibly also in Gaza
tea,Al-Rabie,"Al-Rabie green tea, 100 bags 180 g",شاي الربيع اخضر 100 كيس 180 غم,180,g,box,Saudi Arabia,no,medium,https://www.palbazaar.com/%D9%85%D8%B4%D8%B1%D9%88%D8%A8%D8%A7%D8%AA-%D8%B3%D8%A7%D8%AE%D9%86%D8%A9,Palestinian online supermarket (prices in NIS); plausibly also in Gaza; green tea
tea,Al-Rabie,"Al-Rabie Express tea, 100 bags 180 g",شاي الربيع اكسبريس 100 كيس 180 غم,180,g,box,Saudi Arabia,no,medium,https://www.palbazaar.com/%D9%85%D8%B4%D8%B1%D9%88%D8%A8%D8%A7%D8%AA-%D8%B3%D8%A7%D8%AE%D9%86%D8%A9,Palestinian online supermarket (prices in NIS); plausibly also in Gaza
tea,Al-Rabie,"Al-Rabie Heavy tea, 100 bags 180 g",شاي الربيع ثقيل 100 كيس 180 غم,180,g,box,Saudi Arabia,no,medium,https://www.palbazaar.com/%D9%85%D8%B4%D8%B1%D9%88%D8%A8%D8%A7%D8%AA-%D8%B3%D8%A7%D8%AE%D9%86%D8%A9,Palestinian online supermarket (prices in NIS); plausibly also in Gaza
tea,Wissotzky,"Wissotzky Classic tea, 100 bags (150 g)",شاي ويسوتسكي كلاسيك 100 كيس,150,g,box,Israel,no,medium,https://groundjerusalem.com/product/tea/black-tea-classic-rich-flavor-wissotzky-100-bags-150g-5-3-oz-made-in-israel/,Israeli supermarket listing; Israeli goods reach Gaza via Kerem Shalom traders; 1.5 g bags
tea,Wissotzky,"Wissotzky Classic tea, 50 bags",شاي ويسوتسكي كلاسيك 50 كيس,50,piece,box,Israel,no,medium,https://shoppy.co.il/search?q=wissotzky,Israeli supermarket listing; Israeli goods reach Gaza via Kerem Shalom traders
tea,Wissotzky,"Wissotzky Classic tea, 25 bags",شاي ويسوتسكي كلاسيك 25 كيس,25,piece,box,Israel,no,medium,https://shoppy.co.il/search?q=wissotzky,Israeli supermarket listing; Israeli goods reach Gaza via Kerem Shalom traders
tea,Wissotzky,"Wissotzky green tea with mint, 25 bags",شاي ويسوتسكي أخضر بالنعنع 25 كيس,25,piece,box,Israel,no,low,https://shoppy.co.il/search?q=wissotzky,Israeli supermarket listing; Israeli goods reach Gaza via Kerem Shalom traders
tea,Lipton,Lipton Yellow Label black dust tea 250 g,شاي ليبتون العلامة الصفراء ناعم 250 غ,250,g,box,Egypt,no,low,https://www.carrefouregypt.com/mafegy/en/search?keyword=lipton,Egyptian retail listing; Egyptian goods reach Gaza via Egyptian traders when crossings allow
tea,Lipton,Lipton Yellow Label black dust tea 100 g,شاي ليبتون العلامة الصفراء ناعم 100 غ,100,g,box,Egypt,no,low,https://www.carrefouregypt.com/mafegy/en/search?keyword=lipton,Egyptian retail listing; Egyptian goods reach Gaza via Egyptian traders when crossings allow
tea,Lipton,Lipton black tea 500 g,شاي ليبتون 500 غ,500,g,bag,Egypt,no,low,https://www.carrefouregypt.com/mafegy/en/search?keyword=lipton,Egyptian retail listing; Egyptian goods reach Gaza via Egyptian traders when crossings allow
tea,Lipton,Lipton Yellow Label kharaz (granular) tea 250 g,شاي ليبتون خرز 250 غ,250,g,box,Egypt,no,low,https://www.carrefouregypt.com/mafegy/en/search?keyword=lipton,Egyptian retail listing; Egyptian goods reach Gaza via Egyptian traders when crossings allow
tea,Lipton,Lipton black tea 40 g,شاي ليبتون 40 غ,40,g,bag,Egypt,no,low,https://www.carrefouregypt.com/mafegy/en/search?keyword=lipton,Egyptian retail listing; Egyptian goods reach Gaza via Egyptian traders when crossings allow; small pack
tea,El Arosa,El Arosa black tea 40 g,شاي العروسة 40 غ,40,g,bag,Egypt,no,low,https://www.carrefouregypt.com/mafegy/en/search?keyword=el%20arosa,Egyptian retail listing; Egyptian goods reach Gaza via Egyptian traders when crossings allow
tea,El Arosa,El Arosa kharaz loose black tea 100 g,شاي العروسة خرز 100 غ,100,g,bag,Egypt,no,low,https://www.carrefouregypt.com/mafegy/en/search?keyword=el%20arosa,Egyptian retail listing; Egyptian goods reach Gaza via Egyptian traders when crossings allow
tea,El Arosa,El Arosa kharaz loose black tea 250 g,شاي العروسة خرز 250 غ,250,g,bag,Egypt,no,low,https://www.carrefouregypt.com/mafegy/en/search?keyword=el%20arosa,Egyptian retail listing; Egyptian goods reach Gaza via Egyptian traders when crossings allow
tea,El Arosa,"El Arosa black tea, 25 bags",شاي العروسة 25 كيس,25,piece,box,Egypt,no,low,https://www.carrefouregypt.com/mafegy/en/search?keyword=el%20arosa,Egyptian retail listing; Egyptian goods reach Gaza via Egyptian traders when crossings allow
tea,Al-Kasih,"Al-Kasih green tea, 20 bags",اعشاب الكسيح الشاي الاخضر 20 كيس,20,piece,box,Jordan,no,medium,https://www.palbazaar.com/%D9%85%D8%B4%D8%B1%D9%88%D8%A8%D8%A7%D8%AA-%D8%B3%D8%A7%D8%AE%D9%86%D8%A9,Palestinian online supermarket (prices in NIS); plausibly also in Gaza; green tea
tea,Rose Way,"Rose Way green tea, 20 bags",اعشاب روز واي الشاي الاخضر 20 كيس,20,piece,box,unknown,no,medium,https://www.palbazaar.com/%D9%85%D8%B4%D8%B1%D9%88%D8%A8%D8%A7%D8%AA-%D8%B3%D8%A7%D8%AE%D9%86%D8%A9,Palestinian online supermarket (prices in NIS); plausibly also in Gaza; green tea
instant_tea_mix,Lipton,Lipton tea with sugar 2-in-1 sachet 14 g,ليبتون شاي بالسكر 2 في 1 ظرف 14 غ,14,g,sachet,Egypt,no,low,https://www.carrefouregypt.com/mafegy/en/search?keyword=lipton,Egyptian retail listing; Egyptian goods reach Gaza via Egyptian traders when crossings allow
instant_tea_mix,Lipton,"Lipton tea with sugar 2-in-1, 10 sachets x 14 g",ليبتون شاي بالسكر 2 في 1 10 ظروف,140,g,box,Egypt,no,low,https://www.carrefouregypt.com/mafegy/en/search?keyword=lipton,Egyptian retail listing; Egyptian goods reach Gaza via Egyptian traders when crossings allow
instant_tea_mix,Taleen,Taleen karak tea with ginger stick 28 g,تالين شاي كركي بالزنجبيل اصبع 28 غم,28,g,sachet,unknown,no,low,https://www.palbazaar.com/%D9%85%D8%B4%D8%B1%D9%88%D8%A8%D8%A7%D8%AA-%D8%B3%D8%A7%D8%AE%D9%86%D8%A9,Palestinian online supermarket (prices in NIS); plausibly also in Gaza; listed as unavailable
coffee,Abu Rashid,Abu Rashid Arabic coffee 250 g,قهوة ابو رشيد 250 غم,250,g,bag,Palestine,no,medium,https://www.palbazaar.com/%D9%85%D8%B4%D8%B1%D9%88%D8%A8%D8%A7%D8%AA-%D8%B3%D8%A7%D8%AE%D9%86%D8%A9,"Palestinian online supermarket (prices in NIS); plausibly also in Gaza; Ben Al-Rashid mills, Qalqilya"
coffee,Abu Rashid,Abu Rashid Arabic coffee 1 kg,قهوة ابو رشيد 1 كغم,1000,g,bag,Palestine,no,medium,https://www.palbazaar.com/%D9%85%D8%B4%D8%B1%D9%88%D8%A8%D8%A7%D8%AA-%D8%B3%D8%A7%D8%AE%D9%86%D8%A9,"Palestinian online supermarket (prices in NIS); plausibly also in Gaza; Ben Al-Rashid mills, Qalqilya"
coffee,Abu Rashid,Abu Rashid Turkish coffee 250 g,قهوة ابو رشيد تركية 250 غم,250,g,bag,Palestine,no,medium,https://www.palbazaar.com/%D9%85%D8%B4%D8%B1%D9%88%D8%A8%D8%A7%D8%AA-%D8%B3%D8%A7%D8%AE%D9%86%D8%A9,Palestinian online supermarket (prices in NIS); plausibly also in Gaza
coffee,Azhiman,Azhiman coffee 2/3 light roast 250 g,بن ازحيمان 2/3 شقراء 250 غم,250,g,bag,Palestine,no,medium,https://www.palbazaar.com/%D9%85%D8%B4%D8%B1%D9%88%D8%A8%D8%A7%D8%AA-%D8%B3%D8%A7%D8%AE%D9%86%D8%A9,Palestinian online supermarket (prices in NIS); plausibly also in Gaza; Jerusalem roaster
coffee,Azhiman,Azhiman coffee medium roast 250 g,بن ازحيمان وسط 250 غم,250,g,bag,Palestine,no,medium,https://www.palbazaar.com/%D9%85%D8%B4%D8%B1%D9%88%D8%A8%D8%A7%D8%AA-%D8%B3%D8%A7%D8%AE%D9%86%D8%A9,Palestinian online supermarket (prices in NIS); plausibly also in Gaza
coffee,Azhiman,Azhiman coffee 2/3 dark roast 250 g,بن ازحيمان 2/3 محروقة 250 غم,250,g,bag,Palestine,no,medium,https://www.palbazaar.com/%D9%85%D8%B4%D8%B1%D9%88%D8%A8%D8%A7%D8%AA-%D8%B3%D8%A7%D8%AE%D9%86%D8%A9,Palestinian online supermarket (prices in NIS); plausibly also in Gaza
coffee,Azhiman,Azhiman coffee plain (no cardamom) 250 g,بن ازحيمان سادة 250 غم,250,g,bag,Palestine,no,medium,https://www.palbazaar.com/%D9%85%D8%B4%D8%B1%D9%88%D8%A8%D8%A7%D8%AA-%D8%B3%D8%A7%D8%AE%D9%86%D8%A9,Palestinian online supermarket (prices in NIS); plausibly also in Gaza
coffee,Azhiman,Azhiman coffee light roast 250 g,بن ازحيمان شقرة 250 غم,250,g,bag,Palestine,no,medium,https://www.palbazaar.com/%D9%85%D8%B4%D8%B1%D9%88%D8%A8%D8%A7%D8%AA-%D8%B3%D8%A7%D8%AE%D9%86%D8%A9,Palestinian online supermarket (prices in NIS); plausibly also in Gaza
coffee,Azhiman,Azhiman Turkish coffee 250 g,بن ازحيمان قهوة تركية 250 غم,250,g,bag,Palestine,no,medium,https://www.palbazaar.com/%D9%85%D8%B4%D8%B1%D9%88%D8%A8%D8%A7%D8%AA-%D8%B3%D8%A7%D8%AE%D9%86%D8%A9,Palestinian online supermarket (prices in NIS); plausibly also in Gaza
coffee,Al-Badia,Al-Badia coffee 900 g,بن البادية 900 غم,900,g,bag,unknown,no,low,https://www.palbazaar.com/%D9%85%D8%B4%D8%B1%D9%88%D8%A8%D8%A7%D8%AA-%D8%B3%D8%A7%D8%AE%D9%86%D8%A9,Palestinian online supermarket (prices in NIS); plausibly also in Gaza
coffee,Al-Nakhla,Al-Nakhla original coffee 250 g,قهوة نخلة الاصلية 250 غم,250,g,bag,unknown,no,medium,https://www.palbazaar.com/%D9%85%D8%B4%D8%B1%D9%88%D8%A8%D8%A7%D8%AA-%D8%B3%D8%A7%D8%AE%D9%86%D8%A9,Palestinian online supermarket (prices in NIS); plausibly also in Gaza
coffee,Kenaan,Kenaan coffee 250 g,بن كنعان 250 غم,250,g,bag,unknown,no,medium,https://www.palbazaar.com/%D9%85%D8%B4%D8%B1%D9%88%D8%A8%D8%A7%D8%AA-%D8%B3%D8%A7%D8%AE%D9%86%D8%A9,Palestinian online supermarket (prices in NIS); plausibly also in Gaza
coffee,Al-Ameed,Al-Ameed medium Turkish coffee with cardamom 250 g,العميد قهوة تركية وسط مع هيل 250 غ,250,g,bag,Jordan,no,medium,https://store.alameedcoffee.com/collections/all-al-ameed-products-1,"Jordanian roaster, common in Palestinian shops"
coffee,Al-Ameed,Al-Ameed light Turkish coffee with cardamom 250 g,العميد قهوة تركية فاتحة مع هيل 250 غ,250,g,bag,Jordan,no,medium,https://store.alameedcoffee.com/collections/all-al-ameed-products-1,
coffee,Al-Ameed,Al-Ameed dark Turkish coffee with cardamom 250 g,العميد قهوة تركية غامقة مع هيل 250 غ,250,g,bag,Jordan,no,medium,https://store.alameedcoffee.com/collections/all-al-ameed-products-1,
coffee,Al-Ameed,Al-Ameed medium Turkish coffee without cardamom 250 g,العميد قهوة تركية وسط بدون هيل 250 غ,250,g,bag,Jordan,no,medium,https://store.alameedcoffee.com/collections/all-al-ameed-products-1,
coffee,Al-Ameed,Al-Ameed Lebanese blend with cardamom 250 g,العميد خلطة لبنانية مع هيل 250 غ,250,g,bag,Jordan,no,low,https://store.alameedcoffee.com/collections/all-al-ameed-products-1,
coffee,Al-Ameed,"Al-Ameed Turkish coffee sticks, 24 pack",العميد قهوة تركية 24 اصبع,24,piece,box,Jordan,no,low,https://store.alameedcoffee.com/collections/all-al-ameed-products-1,single-serve sticks
coffee,Al-Ameed,Al-Ameed light Turkish coffee without cardamom 200 g,العميد قهوة تركية فاتحة بدون هيل 200 غ,200,g,bag,Jordan,no,low,https://www.amazon.sa/%D9%82%D9%87%D9%88%D8%A9-%D8%AA%D8%B1%D9%83%D9%8A%D8%A9-%D9%81%D8%A7%D8%AA%D8%AD%D8%A9-%D8%A8%D8%AF%D9%88%D9%86-%D8%A7%D9%84%D8%B9%D9%85%D9%8A%D8%AF/dp/B0994PT29C,Saudi listing
instant_coffee,Nescafe,Nescafe Gold 100 g,نسكافيه جولد 100 غم,100,g,jar,unknown,no,medium,https://www.palbazaar.com/%D9%85%D8%B4%D8%B1%D9%88%D8%A8%D8%A7%D8%AA-%D8%B3%D8%A7%D8%AE%D9%86%D8%A9,Palestinian online supermarket (prices in NIS); plausibly also in Gaza
instant_coffee,Nescafe,Nescafe Gold 190 g,نسكافيه جولد 190 غم,190,g,jar,unknown,no,medium,https://www.palbazaar.com/%D9%85%D8%B4%D8%B1%D9%88%D8%A8%D8%A7%D8%AA-%D8%B3%D8%A7%D8%AE%D9%86%D8%A9,Palestinian online supermarket (prices in NIS); plausibly also in Gaza
instant_coffee,Nescafe,Nescafe Red Mug 200 g,نسكافيه رد مج 200 غم,200,g,jar,unknown,no,medium,https://www.palbazaar.com/%D9%85%D8%B4%D8%B1%D9%88%D8%A8%D8%A7%D8%AA-%D8%B3%D8%A7%D8%AE%D9%86%D8%A9,Palestinian online supermarket (prices in NIS); plausibly also in Gaza
instant_coffee,Elite,Elite instant coffee 240 g (sold as Nescafe Elite),نسكافيه عليت 240 غم,240,g,jar,Israel,no,medium,https://www.palbazaar.com/%D9%85%D8%B4%D8%B1%D9%88%D8%A8%D8%A7%D8%AA-%D8%B3%D8%A7%D8%AE%D9%86%D8%A9,"Palestinian online supermarket (prices in NIS); plausibly also in Gaza; brand corrected: Elite is a Strauss (Israel) instant coffee, listed locally under the generic name Nescafe"
instant_coffee,Nescafe,Nescafe instant coffee 100 g,نسكافيه قهوة سريعة التحضير 100 غم,100,g,jar,unknown,no,medium,https://www.palbazaar.com/%D9%85%D8%B4%D8%B1%D9%88%D8%A8%D8%A7%D8%AA-%D8%B3%D8%A7%D8%AE%D9%86%D8%A9,Palestinian online supermarket (prices in NIS); plausibly also in Gaza
instant_coffee,Nescafe,Nescafe instant coffee 200 g,نسكافيه قهوة سريعة التحضير 200 غم,200,g,jar,unknown,no,medium,https://www.palbazaar.com/%D9%85%D8%B4%D8%B1%D9%88%D8%A8%D8%A7%D8%AA-%D8%B3%D8%A7%D8%AE%D9%86%D8%A9,Palestinian online supermarket (prices in NIS); plausibly also in Gaza
instant_coffee,Nescafe,Nescafe Classic 50 g,نسكافيه كلاسيك 50 غم,50,g,jar,unknown,no,medium,https://www.palbazaar.com/%D9%85%D8%B4%D8%B1%D9%88%D8%A8%D8%A7%D8%AA-%D8%B3%D8%A7%D8%AE%D9%86%D8%A9,Palestinian online supermarket (prices in NIS); plausibly also in Gaza
instant_coffee,Nescafe,Nescafe Classic 95 g pouch,نسكافيه كلاسيك 95 غ كيس,95,g,pouch,Egypt,no,low,https://www.carrefouregypt.com/mafegy/en/search?keyword=instant%20coffee,Egyptian retail listing; Egyptian goods reach Gaza via Egyptian traders when crossings allow
instant_coffee,Nescafe,Nescafe Classic 18 g pouch,نسكافيه كلاسيك 18 غ,18,g,pouch,Egypt,no,low,https://www.carrefouregypt.com/mafegy/en/search?keyword=instant%20coffee,Egyptian retail listing; Egyptian goods reach Gaza via Egyptian traders when crossings allow
instant_coffee,Nescafe,Nescafe Classic 1.8 g sachet,نسكافيه كلاسيك ظرف 1.8 غ,1.8,g,sachet,Egypt,no,low,https://www.carrefouregypt.com/mafegy/en/search?keyword=instant%20coffee,Egyptian retail listing; Egyptian goods reach Gaza via Egyptian traders when crossings allow
instant_coffee,Abu Auf,Abu Auf Classic instant coffee 50 g,أبو عوف قهوة سريعة التحضير كلاسيك 50 غ,50,g,jar,Egypt,no,low,https://www.carrefouregypt.com/mafegy/en/search?keyword=instant%20coffee,Egyptian retail listing; Egyptian goods reach Gaza via Egyptian traders when crossings allow
instant_coffee,Abu Auf,Abu Auf Classic instant coffee 100 g,أبو عوف قهوة سريعة التحضير كلاسيك 100 غ,100,g,jar,Egypt,no,low,https://www.carrefouregypt.com/mafegy/en/search?keyword=instant%20coffee,Egyptian retail listing; Egyptian goods reach Gaza via Egyptian traders when crossings allow
coffee_mix_3in1,Nescafe,Nescafe 3-in-1 stick 20 g,نسكافيه اصبع 3 في 1 20 غم,20,g,sachet,unknown,no,high,https://www.palbazaar.com/%D9%85%D8%B4%D8%B1%D9%88%D8%A8%D8%A7%D8%AA-%D8%B3%D8%A7%D8%AE%D9%86%D8%A9,Palestinian online supermarket (prices in NIS); plausibly also in Gaza; sold singly for 1 NIS
coffee_mix_3in1,Nescafe,"Nescafe 3-in-1 original, box of 24 sticks x 20 g",نسكافيه 3 في 1 علبة 24 اصبع,480,g,box,unknown,no,high,https://world.openfoodfacts.org/product/8850124037350,Open Food Facts lists it for the Palestinian territories; also on palbazaar
coffee_mix_3in1,Nescafe,Nescafe 3-in-1 original sachet 18 g,نسكافيه 3 في 1 ظرف 18 غ,18,g,sachet,Egypt,no,low,https://www.carrefouregypt.com/mafegy/en/search?keyword=instant%20coffee,Egyptian retail listing; Egyptian goods reach Gaza via Egyptian traders when crossings allow
coffee_mix_3in1,Torabika,Torabika cappuccino sachet 25 g,تورابيكا كابتشينو 25 غم حبة,25,g,sachet,Indonesia,no,medium,https://www.palbazaar.com/%D9%85%D8%B4%D8%B1%D9%88%D8%A8%D8%A7%D8%AA-%D8%B3%D8%A7%D8%AE%D9%86%D8%A9,Palestinian online supermarket (prices in NIS); plausibly also in Gaza
coffee_mix_3in1,Torabika,"Torabika cappuccino, bag of 20 x 25 g",تورابيكا كابتشينو كيس كبير 20 حبة,500,g,bag,Indonesia,no,medium,https://www.palbazaar.com/%D9%85%D8%B4%D8%B1%D9%88%D8%A8%D8%A7%D8%AA-%D8%B3%D8%A7%D8%AE%D9%86%D8%A9,Palestinian online supermarket (prices in NIS); plausibly also in Gaza
coffee_mix_3in1,Al-Zahra,Al-Zahra instant cappuccino stick 30 g,الزهراء كابوتشينو اصبع 30 غم,30,g,sachet,unknown,no,medium,https://www.palbazaar.com/%D9%85%D8%B4%D8%B1%D9%88%D8%A8%D8%A7%D8%AA-%D8%B3%D8%A7%D8%AE%D9%86%D8%A9,Palestinian online supermarket (prices in NIS); plausibly also in Gaza
coffee_mix_3in1,Al-Zahra,Al-Zahra instant caramel (coffee) stick 30 g,الزهراء كراميل اصبع 30 غم,30,g,sachet,unknown,no,low,https://www.palbazaar.com/%D9%85%D8%B4%D8%B1%D9%88%D8%A8%D8%A7%D8%AA-%D8%B3%D8%A7%D8%AE%D9%86%D8%A9,Palestinian online supermarket (prices in NIS); plausibly also in Gaza; caramel instant drink
coffee_mix_3in1,Al-Zahra,Al-Zahra cappuccino 500 g bag,كابتشينو الزهراء كيس 500 غم,500,g,bag,unknown,no,medium,https://www.palbazaar.com/%D9%85%D8%B4%D8%B1%D9%88%D8%A8%D8%A7%D8%AA-%D8%B3%D8%A7%D8%AE%D9%86%D8%A9,Palestinian online supermarket (prices in NIS); plausibly also in Gaza
coffee_mix_3in1,Al-Zahra,"Al-Zahra cappuccino sticks, box of 20",اصابع كابتشينو الزهراء 20 كيس,20,piece,box,unknown,no,medium,https://www.palbazaar.com/%D9%85%D8%B4%D8%B1%D9%88%D8%A8%D8%A7%D8%AA-%D8%B3%D8%A7%D8%AE%D9%86%D8%A9,Palestinian online supermarket (prices in NIS); plausibly also in Gaza
coffee_mix_3in1,Al-Zahra,"Al-Zahra caramel sticks, box of 20",اصابع كراميل الزهراء 20 كيس,20,piece,box,unknown,no,low,https://www.palbazaar.com/%D9%85%D8%B4%D8%B1%D9%88%D8%A8%D8%A7%D8%AA-%D8%B3%D8%A7%D8%AE%D9%86%D8%A9,Palestinian online supermarket (prices in NIS); plausibly also in Gaza
coffee_mix_3in1,Taleen,Taleen cappuccino latte stick 22 g,تالين كابوتشينو لاتيه اصبع 22 غم,22,g,sachet,unknown,no,low,https://www.palbazaar.com/%D9%85%D8%B4%D8%B1%D9%88%D8%A8%D8%A7%D8%AA-%D8%B3%D8%A7%D8%AE%D9%86%D8%A9,Palestinian online supermarket (prices in NIS); plausibly also in Gaza; listed as unavailable
coffee_mix_3in1,Abu Auf,Abu Auf 3-in-1 coffee sachet 18 g,أبو عوف قهوة 3 في 1 ظرف 18 غ,18,g,sachet,Egypt,no,low,https://www.carrefouregypt.com/mafegy/en/search?keyword=instant%20coffee,Egyptian retail listing; Egyptian goods reach Gaza via Egyptian traders when crossings allow
coffee_creamer,Coffee Mate,Coffee Mate original creamer 900 g carton,كوفي ميت كريمة الاصلي كرتون 900 غم,900,g,box,unknown,no,medium,https://www.palbazaar.com/%D9%85%D8%B4%D8%B1%D9%88%D8%A8%D8%A7%D8%AA-%D8%B3%D8%A7%D8%AE%D9%86%D8%A9,Palestinian online supermarket (prices in NIS); plausibly also in Gaza
coffee_creamer,Coffee Mate,Coffee Mate coffee whitener 1 kg,كوفي ميت مبيض قهوة 1 كغم,1000,g,bag,unknown,no,medium,https://www.palbazaar.com/%D9%85%D8%B4%D8%B1%D9%88%D8%A8%D8%A7%D8%AA-%D8%B3%D8%A7%D8%AE%D9%86%D8%A9,Palestinian online supermarket (prices in NIS); plausibly also in Gaza
coffee_creamer,Coffee Mate,Coffee Mate coffee whitener 400 g,كوفي ميت مبيض قهوة 400 غم,400,g,jar,unknown,no,medium,https://www.palbazaar.com/%D9%85%D8%B4%D8%B1%D9%88%D8%A8%D8%A7%D8%AA-%D8%B3%D8%A7%D8%AE%D9%86%D8%A9,Palestinian online supermarket (prices in NIS); plausibly also in Gaza
coffee_creamer,Marina,Marina coffee whitener 400 g,مارينا مبيض قهوة 400 غم,400,g,jar,unknown,no,medium,https://www.palbazaar.com/%D9%85%D8%B4%D8%B1%D9%88%D8%A8%D8%A7%D8%AA-%D8%B3%D8%A7%D8%AE%D9%86%D8%A9,Palestinian online supermarket (prices in NIS); plausibly also in Gaza
cocoa_powder,Al-Zahra,Al-Zahra cocoa powder 100 g tin,مسحوق الكاكاو علبة حديد الزهراء 100 غم,100,g,tin,unknown,no,medium,https://www.palbazaar.com/%D9%85%D8%B4%D8%B1%D9%88%D8%A8%D8%A7%D8%AA-%D8%B3%D8%A7%D8%AE%D9%86%D8%A9,Palestinian online supermarket (prices in NIS); plausibly also in Gaza
cocoa_powder,Al-Muluk,Al-Muluk cocoa powder 100 g carton,مسحوق الكاكاو علبة كرتون الملوك 100 غم,100,g,box,unknown,no,medium,https://www.palbazaar.com/%D9%85%D8%B4%D8%B1%D9%88%D8%A8%D8%A7%D8%AA-%D8%B3%D8%A7%D8%AE%D9%86%D8%A9,Palestinian online supermarket (prices in NIS); plausibly also in Gaza
cocoa_powder,Al-Kasih,Al-Kasih cocoa 125 g,كاكاو الكسيح 125 غم,125,g,box,Jordan,no,medium,https://www.palbazaar.com/%D9%85%D9%88%D8%A7%D8%AF-%D8%BA%D8%B0%D8%A7%D8%A6%D9%8A%D8%A9,Palestinian online supermarket (prices in NIS); plausibly also in Gaza
cocoa_powder,Cook's,Cook's chocolate (cocoa) powder 400 g,كوكس بودرة شوكولاتة 400 غ,400,g,tin,Egypt,no,low,https://www.carrefouregypt.com/mafegy/en/search?keyword=powder%20drink,Egyptian retail listing; Egyptian goods reach Gaza via Egyptian traders when crossings allow
chocolate_drink_powder,Nesquik,Nesquik cocoa mix low fat 450 g,نيسكويك خليط الكاكاو قليل الدسم 450 غم,450,g,tin,unknown,no,medium,https://www.palbazaar.com/%D9%85%D8%B4%D8%B1%D9%88%D8%A8%D8%A7%D8%AA-%D8%B3%D8%A7%D8%AE%D9%86%D8%A9,Palestinian online supermarket (prices in NIS); plausibly also in Gaza
chocolate_drink_powder,Nesquik,Nesquik box of 10 sticks,نسكويك علبة 10 اصابع,10,piece,box,unknown,no,medium,https://www.palbazaar.com/%D9%85%D8%B4%D8%B1%D9%88%D8%A8%D8%A7%D8%AA-%D8%B3%D8%A7%D8%AE%D9%86%D8%A9,Palestinian online supermarket (prices in NIS); plausibly also in Gaza
chocolate_drink_powder,Nesquik,Nesquik chocolate drink powder 850 g,نسكويك بودرة شوكولاتة 850 غ,850,g,tin,Egypt,no,low,https://www.carrefouregypt.com/mafegy/en/search?keyword=powder%20drink,Egyptian retail listing; Egyptian goods reach Gaza via Egyptian traders when crossings allow
chocolate_drink_powder,Nesquik,Nesquik chocolate drink powder 270 g,نسكويك بودرة شوكولاتة 270 غ,270,g,pouch,Egypt,no,low,https://www.carrefouregypt.com/mafegy/en/search?keyword=powder%20drink,Egyptian retail listing; Egyptian goods reach Gaza via Egyptian traders when crossings allow
chocolate_drink_powder,Nesquik,Nesquik chocolate drink powder 135 g,نسكويك بودرة شوكولاتة 135 غ,135,g,pouch,Egypt,no,low,https://www.carrefouregypt.com/mafegy/en/search?keyword=powder%20drink,Egyptian retail listing; Egyptian goods reach Gaza via Egyptian traders when crossings allow
chocolate_drink_powder,Nesquik,Nesquik chocolate drink sachet 13.5 g,نسكويك ظرف 13.5 غ,13.5,g,sachet,Egypt,no,low,https://www.carrefouregypt.com/mafegy/en/search?keyword=powder%20drink,Egyptian retail listing; Egyptian goods reach Gaza via Egyptian traders when crossings allow
chocolate_drink_powder,Al-Zahra,Al-Zahra instant choco stick 30 g,الزهراء شوكو اصبع 30 غم,30,g,sachet,unknown,no,medium,https://www.palbazaar.com/%D9%85%D8%B4%D8%B1%D9%88%D8%A8%D8%A7%D8%AA-%D8%B3%D8%A7%D8%AE%D9%86%D8%A9,Palestinian online supermarket (prices in NIS); plausibly also in Gaza
chocolate_drink_powder,Al-Zahra,Al-Zahra choco drink 500 g bag,شوكو الزهراء كيس 500 غم,500,g,bag,unknown,no,medium,https://www.palbazaar.com/%D9%85%D8%B4%D8%B1%D9%88%D8%A8%D8%A7%D8%AA-%D8%B3%D8%A7%D8%AE%D9%86%D8%A9,Palestinian online supermarket (prices in NIS); plausibly also in Gaza
chocolate_drink_powder,Al-Zahra,"Al-Zahra choco sticks, box of 20",اصابع شوكو الزهراء 20 كيس,20,piece,box,unknown,no,low,https://www.palbazaar.com/%D9%85%D8%B4%D8%B1%D9%88%D8%A8%D8%A7%D8%AA-%D8%B3%D8%A7%D8%AE%D9%86%D8%A9,Palestinian online supermarket (prices in NIS); plausibly also in Gaza; listed as unavailable
chocolate_drink_powder,Cadbury,Cadbury hot chocolate 3-in-1 300 g,كادبوري شوكولاتة ساخنة 3 في 1 300 غ,300,g,tin,Egypt,no,low,https://www.carrefouregypt.com/mafegy/en/search?keyword=powder%20drink,Egyptian retail listing; Egyptian goods reach Gaza via Egyptian traders when crossings allow
sahlab_powder,Al-Zahra,Al-Zahra instant sahlab stick 30 g,الزهراء سحلب اصبع سريع التحضير 30 غم,30,g,sachet,unknown,no,medium,https://www.palbazaar.com/%D9%85%D8%B4%D8%B1%D9%88%D8%A8%D8%A7%D8%AA-%D8%B3%D8%A7%D8%AE%D9%86%D8%A9,Palestinian online supermarket (prices in NIS); plausibly also in Gaza
sahlab_powder,Al-Zahra,Al-Zahra sahlab 500 g bag,سحلب الزهراء كيس 500 غم,500,g,bag,unknown,no,medium,https://www.palbazaar.com/%D9%85%D8%B4%D8%B1%D9%88%D8%A8%D8%A7%D8%AA-%D8%B3%D8%A7%D8%AE%D9%86%D8%A9,Palestinian online supermarket (prices in NIS); plausibly also in Gaza
sahlab_powder,Al-Zahra,"Al-Zahra sahlab sticks, box of 20",اصابع سحلب الزهراء 20 كيس,20,piece,box,unknown,no,medium,https://www.palbazaar.com/%D9%85%D8%B4%D8%B1%D9%88%D8%A8%D8%A7%D8%AA-%D8%B3%D8%A7%D8%AE%D9%86%D8%A9,Palestinian online supermarket (prices in NIS); plausibly also in Gaza
sahlab_powder,Abu Ali,Abu Ali sahlab drink 300 g,أبو علي سحلب 300 غ,300,g,box,Egypt,no,low,https://www.carrefouregypt.com/mafegy/en/search?keyword=sahlab,Egyptian retail listing; Egyptian goods reach Gaza via Egyptian traders when crossings allow
sahlab_powder,Haj Arafa,Haj Arafa sahlab powder 200 g,الحاج عرفة سحلب 200 غ,200,g,bag,Egypt,no,low,https://www.carrefouregypt.com/mafegy/en/search?keyword=sahlab,Egyptian retail listing; Egyptian goods reach Gaza via Egyptian traders when crossings allow
sahlab_powder,Dreem,Dreem sahlab 100 g,دريم سحلب 100 غ,100,g,box,Egypt,no,low,https://www.carrefouregypt.com/mafegy/en/search?keyword=sahlab,Egyptian retail listing; Egyptian goods reach Gaza via Egyptian traders when crossings allow
sage_dried,Al-Sham Herbs,Al-Sham Herbs loose sage 100 g,اعشاب الشام حلل 100 غم ميرمية,100,g,bag,unknown,no,medium,https://www.palbazaar.com/%D9%85%D8%B4%D8%B1%D9%88%D8%A8%D8%A7%D8%AA-%D8%B3%D8%A7%D8%AE%D9%86%D8%A9,Palestinian online supermarket (prices in NIS); plausibly also in Gaza
chamomile_dried,Al-Sham Herbs,Al-Sham Herbs loose chamomile 100 g,اعشاب الشام حلل 100 غم بابونج,100,g,bag,unknown,no,medium,https://www.palbazaar.com/%D9%85%D8%B4%D8%B1%D9%88%D8%A8%D8%A7%D8%AA-%D8%B3%D8%A7%D8%AE%D9%86%D8%A9,Palestinian online supermarket (prices in NIS); plausibly also in Gaza
chamomile_dried,Haj Arafa,Haj Arafa chamomile 250 g,الحاج عرفة بابونج 250 غ,250,g,bag,Egypt,no,low,https://www.carrefouregypt.com/mafegy/en/search?keyword=chamomile,Egyptian retail listing; Egyptian goods reach Gaza via Egyptian traders when crossings allow
zhourat_dried,Al-Sham Herbs,Al-Sham Herbs loose zhourat 100 g,اعشاب الشام حلل 100 غم زهورات,100,g,bag,unknown,no,medium,https://www.palbazaar.com/%D9%85%D8%B4%D8%B1%D9%88%D8%A8%D8%A7%D8%AA-%D8%B3%D8%A7%D8%AE%D9%86%D8%A9,Palestinian online supermarket (prices in NIS); plausibly also in Gaza
hibiscus_dried,Haj Arafa,Haj Arafa hibiscus 250 g,الحاج عرفة كركديه 250 غ,250,g,bag,Egypt,no,low,https://www.carrefouregypt.com/mafegy/en/search?keyword=hibiscus,Egyptian retail listing; Egyptian goods reach Gaza via Egyptian traders when crossings allow
hibiscus_dried,El Doha,El Doha hibiscus 50 g,الضحى كركديه 50 غ,50,g,bag,Egypt,no,low,https://www.carrefouregypt.com/mafegy/en/search?keyword=hibiscus,Egyptian retail listing; Egyptian goods reach Gaza via Egyptian traders when crossings allow
herbal_tea_bags,Al-Kasih,"Al-Kasih chamomile herbal tea, 20 bags",اعشاب الكسيح البابونج 20 كيس,20,piece,box,Jordan,no,medium,https://www.palbazaar.com/%D9%85%D8%B4%D8%B1%D9%88%D8%A8%D8%A7%D8%AA-%D8%B3%D8%A7%D8%AE%D9%86%D8%A9,Palestinian online supermarket (prices in NIS); plausibly also in Gaza
herbal_tea_bags,Al-Kasih,"Al-Kasih thyme herbal tea, 20 bags",اعشاب الكسيح الزعتر 20 كيس,20,piece,box,Jordan,no,medium,https://www.palbazaar.com/%D9%85%D8%B4%D8%B1%D9%88%D8%A8%D8%A7%D8%AA-%D8%B3%D8%A7%D8%AE%D9%86%D8%A9,Palestinian online supermarket (prices in NIS); plausibly also in Gaza
herbal_tea_bags,Al-Kasih,"Al-Kasih ginger with lemon herbal tea, 20 bags",اعشاب الكسيح الزنجبيل مع الليمون 20 كيس,20,piece,box,Jordan,no,medium,https://www.palbazaar.com/%D9%85%D8%B4%D8%B1%D9%88%D8%A8%D8%A7%D8%AA-%D8%B3%D8%A7%D8%AE%D9%86%D8%A9,Palestinian online supermarket (prices in NIS); plausibly also in Gaza
herbal_tea_bags,Al-Kasih,"Al-Kasih anise herbal tea, 20 bags",اعشاب الكسيح اليانسون 20 كيس,20,piece,box,Jordan,no,medium,https://www.palbazaar.com/%D9%85%D8%B4%D8%B1%D9%88%D8%A8%D8%A7%D8%AA-%D8%B3%D8%A7%D8%AE%D9%86%D8%A9,Palestinian online supermarket (prices in NIS); plausibly also in Gaza
herbal_tea_bags,Rose Way,"Rose Way chamomile herbal tea, 20 bags",اعشاب روز واي البابونج 20 كيس,20,piece,box,unknown,no,medium,https://www.palbazaar.com/%D9%85%D8%B4%D8%B1%D9%88%D8%A8%D8%A7%D8%AA-%D8%B3%D8%A7%D8%AE%D9%86%D8%A9,Palestinian online supermarket (prices in NIS); plausibly also in Gaza
herbal_tea_bags,Rose Way,"Rose Way zhourat flowers herbal tea, 20 bags",اعشاب روز واي الزهورات 20 كيس,20,piece,box,unknown,no,medium,https://www.palbazaar.com/%D9%85%D8%B4%D8%B1%D9%88%D8%A8%D8%A7%D8%AA-%D8%B3%D8%A7%D8%AE%D9%86%D8%A9,Palestinian online supermarket (prices in NIS); plausibly also in Gaza
herbal_tea_bags,Al-Attar,"Al-Attar chamomile, 20 bags (30 g)",العطار ازهار البابونج 20 كيس 30 غم,20,piece,box,unknown,no,medium,https://www.palbazaar.com/%D9%85%D8%B4%D8%B1%D9%88%D8%A8%D8%A7%D8%AA-%D8%B3%D8%A7%D8%AE%D9%86%D8%A9,Palestinian online supermarket (prices in NIS); plausibly also in Gaza; 30 g per box
herbal_tea_bags,Al-Attar,"Al-Attar wild thyme, 20 bags (30 g)",العطار زعتر بري 20 كيس 30 غم,20,piece,box,unknown,no,medium,https://www.palbazaar.com/%D9%85%D8%B4%D8%B1%D9%88%D8%A8%D8%A7%D8%AA-%D8%B3%D8%A7%D8%AE%D9%86%D8%A9,Palestinian online supermarket (prices in NIS); plausibly also in Gaza; 30 g per box
herbal_tea_bags,Al-Attar,"Al-Attar ginger, 20 bags (30 g)",العطار زنجبيل 20 كيس 30 غم,20,piece,box,unknown,no,medium,https://www.palbazaar.com/%D9%85%D8%B4%D8%B1%D9%88%D8%A8%D8%A7%D8%AA-%D8%B3%D8%A7%D8%AE%D9%86%D8%A9,Palestinian online supermarket (prices in NIS); plausibly also in Gaza; 30 g per box
herbal_tea_bags,Al-Attar,"Al-Attar ginger and lemon, 20 bags (30 g)",العطار زنجبيل وليمون 20 كيس 30 غم,20,piece,box,unknown,no,medium,https://www.palbazaar.com/%D9%85%D8%B4%D8%B1%D9%88%D8%A8%D8%A7%D8%AA-%D8%B3%D8%A7%D8%AE%D9%86%D8%A9,Palestinian online supermarket (prices in NIS); plausibly also in Gaza; 30 g per box
herbal_tea_bags,Al-Attar,"Al-Attar Levantine zhourat, 20 bags (30 g)",العطار زهورات شامية 20 كيس 30 غم,20,piece,box,unknown,no,medium,https://www.palbazaar.com/%D9%85%D8%B4%D8%B1%D9%88%D8%A8%D8%A7%D8%AA-%D8%B3%D8%A7%D8%AE%D9%86%D8%A9,Palestinian online supermarket (prices in NIS); plausibly also in Gaza; 30 g per box
herbal_tea_bags,Al-Attar,"Al-Attar Palestinian zhourat, 20 bags (30 g)",العطار زهورات فلسطينية 20 كيس 30 غم,20,piece,box,unknown,no,medium,https://www.palbazaar.com/%D9%85%D8%B4%D8%B1%D9%88%D8%A8%D8%A7%D8%AA-%D8%B3%D8%A7%D8%AE%D9%86%D8%A9,Palestinian online supermarket (prices in NIS); plausibly also in Gaza; 30 g per box
herbal_tea_bags,Al-Attar,"Al-Attar sage, 20 bags (30 g)",العطار ميرمية 20 كيس 30 غم,20,piece,box,unknown,no,medium,https://www.palbazaar.com/%D9%85%D8%B4%D8%B1%D9%88%D8%A8%D8%A7%D8%AA-%D8%B3%D8%A7%D8%AE%D9%86%D8%A9,Palestinian online supermarket (prices in NIS); plausibly also in Gaza; 30 g per box
herbal_tea_bags,Al-Attar,"Al-Attar anise, 20 bags (30 g)",العطار يانسون 20 كيس 30 غم,20,piece,box,unknown,no,medium,https://www.palbazaar.com/%D9%85%D8%B4%D8%B1%D9%88%D8%A8%D8%A7%D8%AA-%D8%B3%D8%A7%D8%AE%D9%86%D8%A9,Palestinian online supermarket (prices in NIS); plausibly also in Gaza; 30 g per box
herbal_tea_bags,Wissotzky,"Wissotzky chamomile green tea, 25 bags",ويسوتسكي شاي أخضر بالبابونج 25 كيس,25,piece,box,Israel,no,low,https://shoppy.co.il/search?q=wissotzky,Israeli supermarket listing; Israeli goods reach Gaza via Kerem Shalom traders
herbal_tea_bags,Wissotzky,"Wissotzky lemon verbena green tea, 25 bags",ويسوتسكي شاي أخضر بالويزة 25 كيس,25,piece,box,Israel,no,low,https://shoppy.co.il/search?q=wissotzky,Israeli supermarket listing; Israeli goods reach Gaza via Kerem Shalom traders
herbal_tea_bags,Isis,"Isis hibiscus herbal tea, 100 bags",ايزيس كركديه 100 كيس,100,piece,box,Egypt,no,low,https://www.carrefouregypt.com/mafegy/en/search?keyword=hibiscus,Egyptian retail listing; Egyptian goods reach Gaza via Egyptian traders when crossings allow
herbal_tea_bags,Isis,"Isis organic chamomile, 12 bags",ايزيس بابونج 12 كيس,12,piece,box,Egypt,no,low,https://www.carrefouregypt.com/mafegy/en/search?keyword=chamomile,Egyptian retail listing; Egyptian goods reach Gaza via Egyptian traders when crossings allow
herbal_tea_bags,Royal,"Royal chamomile herbal tea, 20 bags",رويال بابونج 20 كيس,20,piece,box,Egypt,no,low,https://www.carrefouregypt.com/mafegy/en/search?keyword=chamomile,Egyptian retail listing; Egyptian goods reach Gaza via Egyptian traders when crossings allow
herbal_tea_bags,Royal,"Royal hibiscus herbal tea, 20 bags",رويال كركديه 20 كيس,20,piece,box,Egypt,no,low,https://www.carrefouregypt.com/mafegy/en/search?keyword=hibiscus,Egyptian retail listing; Egyptian goods reach Gaza via Egyptian traders when crossings allow
herbal_tea_bags,Lipton,"Lipton hibiscus herbal tea, 20 bags",ليبتون كركديه 20 كيس,20,piece,box,Egypt,no,low,https://www.carrefouregypt.com/mafegy/en/search?keyword=lipton,Egyptian retail listing; Egyptian goods reach Gaza via Egyptian traders when crossings allow
herbal_tea_bags,Lipton,"Lipton anise herbal tea, 20 bags",ليبتون يانسون 20 كيس,20,piece,box,Egypt,no,low,https://www.carrefouregypt.com/mafegy/en/search?keyword=lipton,Egyptian retail listing; Egyptian goods reach Gaza via Egyptian traders when crossings allow
herbal_tea_bags,Lipton,"Lipton mint herbal tea, 20 bags",ليبتون نعناع 20 كيس,20,piece,box,Egypt,no,low,https://www.carrefouregypt.com/mafegy/en/search?keyword=lipton,Egyptian retail listing; Egyptian goods reach Gaza via Egyptian traders when crossings allow
powdered_drink_mix,Tang,Tang orange powder drink 450 g,تانج برتقال 450 غ,450,g,jar,Egypt,no,medium,https://www.carrefouregypt.com/mafegy/en/search?keyword=tang,Egyptian retail listing; Egyptian goods reach Gaza via Egyptian traders when crossings allow
powdered_drink_mix,Tang,Tang mango powder drink 450 g,تانج مانجو 450 غ,450,g,jar,Egypt,no,medium,https://www.carrefouregypt.com/mafegy/en/search?keyword=tang,Egyptian retail listing; Egyptian goods reach Gaza via Egyptian traders when crossings allow
powdered_drink_mix,Tang,Tang orange sachet 20 g,تانج برتقال ظرف 20 غ,20,g,sachet,Egypt,no,medium,https://www.carrefouregypt.com/mafegy/en/search?keyword=tang,Egyptian retail listing; Egyptian goods reach Gaza via Egyptian traders when crossings allow; also sold as box of 12
powdered_drink_mix,Tang,Tang mango sachet 20 g,تانج مانجو ظرف 20 غ,20,g,sachet,Egypt,no,medium,https://www.carrefouregypt.com/mafegy/en/search?keyword=tang,Egyptian retail listing; Egyptian goods reach Gaza via Egyptian traders when crossings allow
powdered_drink_mix,Tang,Tang orange sachet 40 g,تانج برتقال ظرف 40 غ,40,g,sachet,Egypt,no,medium,https://www.carrefouregypt.com/mafegy/en/search?keyword=tang,Egyptian retail listing; Egyptian goods reach Gaza via Egyptian traders when crossings allow
powdered_drink_mix,Tang,Tang mango sachet 40 g,تانج مانجو ظرف 40 غ,40,g,sachet,Egypt,no,medium,https://www.carrefouregypt.com/mafegy/en/search?keyword=tang,Egyptian retail listing; Egyptian goods reach Gaza via Egyptian traders when crossings allow
powdered_drink_mix,Tang,Tang orange 2 kg tub,تانج برتقال 2 كيلو,2000,g,tub,unknown,no,low,https://alramoz.com/RAPxNEE,"Gulf listing; large family size; source page unreachable at review, size unverified"
powdered_drink_mix,Foster Clark's,Foster Clark's orange instant drink 2.5 kg,فوستر كلاركس عصير برتقال 2.5 كغ,2500,g,tin,unknown,no,medium,https://damassupermarket.com/brand/83-foster-clark-s,Makes about 20 L
powdered_drink_mix,Foster Clark's,Foster Clark's mango instant drink 2.5 kg,فوستر كلاركس عصير مانجو 2.5 كغ,2500,g,tin,unknown,no,medium,https://damassupermarket.com/brand/83-foster-clark-s,
powdered_drink_mix,Foster Clark's,Foster Clark's mandarin instant drink 2.5 kg,فوستر كلاركس عصير يوسفي 2.5 كغ,2500,g,tin,unknown,no,medium,https://damassupermarket.com/brand/83-foster-clark-s,
powdered_drink_mix,Foster Clark's,Foster Clark's pineapple instant drink 2.5 kg,فوستر كلاركس عصير أناناس 2.5 كغ,2500,g,tin,unknown,no,medium,https://damassupermarket.com/brand/83-foster-clark-s,
powdered_drink_mix,Foster Clark's,Foster Clark's berries instant drink 2.5 kg,فوستر كلاركس عصير توت 2.5 كغ,2500,g,tin,unknown,no,medium,https://damassupermarket.com/brand/83-foster-clark-s,
powdered_drink_mix,Foster Clark's,Foster Clark's orange instant drink 450 g jar,فوستر كلاركس عصير برتقال 450 غ,450,g,jar,unknown,no,low,https://aamaderbazar.com/product/foster-clarks-instant-drink-orange450g-jar/,"Bangladesh listing; size exists, Gaza presence assumed"
powdered_drink_mix,Foster Clark's,Foster Clark's orange instant drink 750 g jar,فوستر كلاركس عصير برتقال 750 غ,750,g,jar,unknown,no,low,https://ebdmart.com/product/foster-clarks-instant-drink-jar-orange-750g-jcmjp,"Bangladesh listing; size exists, Gaza presence assumed"
powdered_drink_mix,Fruty,Fruty mango powder drink 750 g,فروتي مانجو بودرة 750 غ,750,g,bag,Egypt,no,low,https://www.carrefouregypt.com/mafegy/en/search?keyword=powder%20drink,Egyptian retail listing; Egyptian goods reach Gaza via Egyptian traders when crossings allow
powdered_drink_mix,Fruty,Fruty orange powder drink sachet 10 g,فروتي برتقال ظرف 10 غ,10,g,sachet,Egypt,no,low,https://www.carrefouregypt.com/mafegy/en/search?keyword=powder%20drink,Egyptian retail listing; Egyptian goods reach Gaza via Egyptian traders when crossings allow
powdered_drink_mix,Abu Ali,Abu Ali sobia drink powder 400 g,أبو علي سوبيا 400 غ,400,g,box,Egypt,no,low,https://www.carrefouregypt.com/mafegy/en/search?keyword=powder%20drink,Egyptian retail listing; Egyptian goods reach Gaza via Egyptian traders when crossings allow; coconut-rice drink
fruit_syrup_concentrate,Al-Zahra,Al-Zahra pineapple syrup concentrate 4 L,شراب الزهراء مركز الاناناس 4 لتر,4000,ml,bottle,unknown,no,medium,https://www.palbazaar.com/%D9%85%D8%B4%D8%B1%D9%88%D8%A8%D8%A7%D8%AA-%D8%A8%D8%A7%D8%B1%D8%AF%D8%A9,Palestinian online supermarket (prices in NIS); plausibly also in Gaza; jerrycan-size cordial
fruit_syrup_concentrate,Al-Zahra,Al-Zahra orange syrup concentrate 4 L,شراب الزهراء مركز البرتقال 4 لتر,4000,ml,bottle,unknown,no,medium,https://www.palbazaar.com/%D9%85%D8%B4%D8%B1%D9%88%D8%A8%D8%A7%D8%AA-%D8%A8%D8%A7%D8%B1%D8%AF%D8%A9,Palestinian online supermarket (prices in NIS); plausibly also in Gaza; jerrycan-size cordial
fruit_syrup_concentrate,Al-Zahra,Al-Zahra berry syrup concentrate 4 L,شراب الزهراء مركز التوت 4 لتر,4000,ml,bottle,unknown,no,medium,https://www.palbazaar.com/%D9%85%D8%B4%D8%B1%D9%88%D8%A8%D8%A7%D8%AA-%D8%A8%D8%A7%D8%B1%D8%AF%D8%A9,Palestinian online supermarket (prices in NIS); plausibly also in Gaza; jerrycan-size cordial
fruit_syrup_concentrate,Al-Zahra,Al-Zahra grapefruit syrup concentrate 4 L,شراب الزهراء مركز الجريفوت 4 لتر,4000,ml,bottle,unknown,no,medium,https://www.palbazaar.com/%D9%85%D8%B4%D8%B1%D9%88%D8%A8%D8%A7%D8%AA-%D8%A8%D8%A7%D8%B1%D8%AF%D8%A9,Palestinian online supermarket (prices in NIS); plausibly also in Gaza; jerrycan-size cordial
fruit_syrup_concentrate,Al-Zahra,Al-Zahra guava syrup concentrate 4 L,شراب الزهراء مركز الجوافة 4 لتر,4000,ml,bottle,unknown,no,medium,https://www.palbazaar.com/%D9%85%D8%B4%D8%B1%D9%88%D8%A8%D8%A7%D8%AA-%D8%A8%D8%A7%D8%B1%D8%AF%D8%A9,Palestinian online supermarket (prices in NIS); plausibly also in Gaza; jerrycan-size cordial
fruit_syrup_concentrate,Al-Zahra,Al-Zahra raspberry syrup concentrate 4 L,شراب الزهراء مركز العليق 4 لتر,4000,ml,bottle,unknown,no,medium,https://www.palbazaar.com/%D9%85%D8%B4%D8%B1%D9%88%D8%A8%D8%A7%D8%AA-%D8%A8%D8%A7%D8%B1%D8%AF%D8%A9,Palestinian online supermarket (prices in NIS); plausibly also in Gaza; jerrycan-size cordial
fruit_syrup_concentrate,Al-Zahra,Al-Zahra cherry syrup concentrate 4 L,شراب الزهراء مركز الكرز 4 لتر,4000,ml,bottle,unknown,no,medium,https://www.palbazaar.com/%D9%85%D8%B4%D8%B1%D9%88%D8%A8%D8%A7%D8%AA-%D8%A8%D8%A7%D8%B1%D8%AF%D8%A9,Palestinian online supermarket (prices in NIS); plausibly also in Gaza; jerrycan-size cordial
fruit_syrup_concentrate,Al-Zahra,Al-Zahra cocktail syrup concentrate 4 L,شراب الزهراء مركز الكوكتيل 4 لتر,4000,ml,bottle,unknown,no,medium,https://www.palbazaar.com/%D9%85%D8%B4%D8%B1%D9%88%D8%A8%D8%A7%D8%AA-%D8%A8%D8%A7%D8%B1%D8%AF%D8%A9,Palestinian online supermarket (prices in NIS); plausibly also in Gaza; jerrycan-size cordial
fruit_syrup_concentrate,Al-Zahra,Al-Zahra almond syrup concentrate 4 L,شراب الزهراء مركز اللوز 4 لتر,4000,ml,bottle,unknown,no,medium,https://www.palbazaar.com/%D9%85%D8%B4%D8%B1%D9%88%D8%A8%D8%A7%D8%AA-%D8%A8%D8%A7%D8%B1%D8%AF%D8%A9,Palestinian online supermarket (prices in NIS); plausibly also in Gaza; jerrycan-size cordial
fruit_syrup_concentrate,Al-Zahra,Al-Zahra lemon syrup concentrate 4 L,شراب الزهراء مركز الليمون 4 لتر,4000,ml,bottle,unknown,no,medium,https://www.palbazaar.com/%D9%85%D8%B4%D8%B1%D9%88%D8%A8%D8%A7%D8%AA-%D8%A8%D8%A7%D8%B1%D8%AF%D8%A9,Palestinian online supermarket (prices in NIS); plausibly also in Gaza; jerrycan-size cordial
fruit_syrup_concentrate,Vimto,Vimto cordial concentrate 710 ml,فيمتو عصير مركز 710 مل,710,ml,bottle,Saudi Arabia,no,high,https://www.palbazaar.com/%D9%85%D8%B4%D8%B1%D9%88%D8%A8%D8%A7%D8%AA-%D8%A8%D8%A7%D8%B1%D8%AF%D8%A9,Palestinian online supermarket (prices in NIS); plausibly also in Gaza; Ramadan staple
fruit_syrup_concentrate,Vimto,Vimto syrup 650 ml,فيمتو شراب 650 مل,650,ml,bottle,Egypt,no,low,https://www.carrefouregypt.com/mafegy/en/search?keyword=vimto,Egyptian retail listing; Egyptian goods reach Gaza via Egyptian traders when crossings allow
tamarind_concentrate,Al-Zahra,Al-Zahra tamarind-flavour syrup concentrate 4 L,شراب الزهراء مركز بطعم التمر الهندي 4 لتر,4000,ml,bottle,unknown,no,medium,https://www.palbazaar.com/%D9%85%D8%B4%D8%B1%D9%88%D8%A8%D8%A7%D8%AA-%D8%A8%D8%A7%D8%B1%D8%AF%D8%A9,Palestinian online supermarket (prices in NIS); plausibly also in Gaza
tamarind_concentrate,Vitrac,Vitrac tamarind syrup 635 ml,فيتراك شراب تمر هندي 635 مل,635,ml,bottle,Egypt,no,low,https://www.carrefouregypt.com/mafegy/en/search?keyword=tamarind,Egyptian retail listing; Egyptian goods reach Gaza via Egyptian traders when crossings allow
carob_pods,generic,"Carob sticks, 1 kg loose",خروب عيدان - كيلو,1000,g,loose,Palestine,no,medium,https://www.alwatanvoice.com/arabic/news/2013/07/08/412776.html,Gaza (Zawiya market) 2013: 5 NIS/kg
qamar_al_din,generic,"Qamar al-din apricot paste, per package",قمر الدين - عبوة,1,piece,piece,Syria,no,medium,https://www.alwatanvoice.com/arabic/news/2013/07/08/412776.html,Gaza (Zawiya market) 2013: 6 NIS per package; sheet weight typically ~400 g but not stated
qamar_al_din,Al-Jamal (Camel),Qamar al-din Camel brand 400 g,قمر الدين ماركة الجمل الأصلي 400 غ,400,g,piece,Syria,no,low,https://www.ebay.com/itm/364125842385,"Seen on palbazaar (11 NIS, size not stated); 400 g from eBay listing; 400 g size not verifiable (eBay listing inaccessible)"
rose_water,Al-Zahra,Al-Zahra rose water 250 ml,الزهراء ماء الورد 250 مل,250,ml,bottle,unknown,no,medium,https://www.palbazaar.com/%D9%85%D9%88%D8%A7%D8%AF-%D8%BA%D8%B0%D8%A7%D8%A6%D9%8A%D8%A9,Palestinian online supermarket (prices in NIS); plausibly also in Gaza
rose_water,Al-Zahra,Al-Zahra rose water 650 ml,ماء الورد الزهراء 650 مل,650,ml,bottle,unknown,no,medium,https://www.palbazaar.com/%D9%85%D9%88%D8%A7%D8%AF-%D8%BA%D8%B0%D8%A7%D8%A6%D9%8A%D8%A9,Palestinian online supermarket (prices in NIS); plausibly also in Gaza
orange_blossom_water,Al-Zahra,Al-Zahra orange blossom water 250 ml,الزهراء ماء الزهر 250 مل,250,ml,bottle,unknown,no,medium,https://www.palbazaar.com/%D9%85%D9%88%D8%A7%D8%AF-%D8%BA%D8%B0%D8%A7%D8%A6%D9%8A%D8%A9,Palestinian online supermarket (prices in NIS); plausibly also in Gaza
orange_blossom_water,Al-Zahra,Al-Zahra orange blossom water 650 ml,ماء الزهر الزهراء 650 مل,650,ml,bottle,unknown,no,medium,https://www.palbazaar.com/%D9%85%D9%88%D8%A7%D8%AF-%D8%BA%D8%B0%D8%A7%D8%A6%D9%8A%D8%A9,Palestinian online supermarket (prices in NIS); plausibly also in Gaza
lemon_juice_bottled,Al-Zahra,Al-Zahra natural lemon juice 1 L,عصير ليمون طبيعي الزهراء 1 لتر,1000,ml,bottle,unknown,no,medium,https://www.palbazaar.com/%D9%85%D9%88%D8%A7%D8%AF-%D8%BA%D8%B0%D8%A7%D8%A6%D9%8A%D8%A9,Palestinian online supermarket (prices in NIS); plausibly also in Gaza
water_gallon_refill,generic,"Desalinated water, 20 L gallon refill",تعبئة جالون مياه محلاة 20 لتر,20000,ml,piece,Palestine,no,high,https://www.wafa.ps/pages/details/110943,"About 4 NIS at station, 5-6 NIS delivered in camps (WAFA); own jerrycan"
water_gallon_refill,generic,"Desalinated water, 16 L gallon refill",تعبئة جالون مياه 16 لتر,16000,ml,piece,Palestine,no,high,https://www.newarab.com/news/north-gazas-largest-desalination-plant-closes-down,Price rose from about 1 NIS pre-war to 7 NIS (Dec 2024)
bottled_water,Arwa,Arwa water 1.5 L,ماء اروى 1.5 لتر,1500,ml,bottle,Palestine,unknown,medium,https://www.palbazaar.com/%D9%85%D8%B4%D8%B1%D9%88%D8%A8%D8%A7%D8%AA-%D8%A8%D8%A7%D8%B1%D8%AF%D8%A9,Palestinian online supermarket (prices in NIS); plausibly also in Gaza; Coca-Cola system water brand
bottled_water,Arwa,"Arwa water 1.5 L, pack of 6",ماء اروى 1.5 لتر صندوق 6 عبوات,9000,ml,tray,Palestine,unknown,medium,https://www.palbazaar.com/%D9%85%D8%B4%D8%B1%D9%88%D8%A8%D8%A7%D8%AA-%D8%A8%D8%A7%D8%B1%D8%AF%D8%A9,Palestinian online supermarket (prices in NIS); plausibly also in Gaza
bottled_water,Aqua,"Aqua water 1.5 L, pack of 8",ماء اكوا 1.5 لتر صندوق 8 عبوات,12000,ml,tray,unknown,unknown,medium,https://www.palbazaar.com/%D9%85%D8%B4%D8%B1%D9%88%D8%A8%D8%A7%D8%AA-%D8%A8%D8%A7%D8%B1%D8%AF%D8%A9,Palestinian online supermarket (prices in NIS); plausibly also in Gaza
bottled_water,Greco,Greco water 1.5 L,ماء جريكو 1.5 لتر,1500,ml,bottle,unknown,unknown,medium,https://www.palbazaar.com/%D9%85%D8%B4%D8%B1%D9%88%D8%A8%D8%A7%D8%AA-%D8%A8%D8%A7%D8%B1%D8%AF%D8%A9,Palestinian online supermarket (prices in NIS); plausibly also in Gaza
bottled_water,Vivian,Vivian water 1.5 L,ماء فيفيان 1.5 لتر,1500,ml,bottle,unknown,unknown,low,https://www.palbazaar.com/%D9%85%D8%B4%D8%B1%D9%88%D8%A8%D8%A7%D8%AA-%D8%A8%D8%A7%D8%B1%D8%AF%D8%A9,Palestinian online supermarket (prices in NIS); plausibly also in Gaza
bottled_water,Marjan,Marjan water 1.5 L,ماء مرجان 1.5 لتر,1500,ml,bottle,unknown,unknown,medium,https://www.palbazaar.com/%D9%85%D8%B4%D8%B1%D9%88%D8%A8%D8%A7%D8%AA-%D8%A8%D8%A7%D8%B1%D8%AF%D8%A9,Palestinian online supermarket (prices in NIS); plausibly also in Gaza
bottled_water,generic,Bottled water 500 ml,ماء 500 مل عبوة,500,ml,bottle,unknown,unknown,medium,https://www.palbazaar.com/%D9%85%D8%B4%D8%B1%D9%88%D8%A8%D8%A7%D8%AA-%D8%A8%D8%A7%D8%B1%D8%AF%D8%A9,Palestinian online supermarket (prices in NIS); plausibly also in Gaza
bottled_water,generic,Bottled water 300 ml,ماء 300 مل عبوة,300,ml,bottle,unknown,unknown,medium,https://www.palbazaar.com/%D9%85%D8%B4%D8%B1%D9%88%D8%A8%D8%A7%D8%AA-%D8%A8%D8%A7%D8%B1%D8%AF%D8%A9,Palestinian online supermarket (prices in NIS); plausibly also in Gaza
bottled_water,generic,Water cup 250 ml,كاسات مياه 250 مل,250,ml,tub,unknown,unknown,medium,https://www.palbazaar.com/%D9%85%D8%B4%D8%B1%D9%88%D8%A8%D8%A7%D8%AA-%D8%A8%D8%A7%D8%B1%D8%AF%D8%A9,"Palestinian online supermarket (prices in NIS); plausibly also in Gaza; sealed cups, also sold by carton"
bottled_water,Neviot,Neviot water 1 L,مياه نفيوت 1 لتر,1000,ml,bottle,Israel,no,medium,https://shoppy.co.il/search?q=water,Israeli supermarket listing; Israeli goods reach Gaza via Kerem Shalom traders
bottled_water,Neviot,"Neviot water 1.5 L, pack of 6",مياه نفيوت 1.5 لتر 6 عبوات,9000,ml,tray,Israel,no,medium,https://shoppy.co.il/search?q=water,Israeli supermarket listing; Israeli goods reach Gaza via Kerem Shalom traders
bottled_water,Mei Eden,"Mei Eden water 1.5 L, pack of 6",مياه عيدن 1.5 لتر 6 عبوات,9000,ml,tray,Israel,no,medium,https://shoppy.co.il/search?q=water,Israeli supermarket listing; Israeli goods reach Gaza via Kerem Shalom traders
bottled_water,Mei Eden,"Mei Eden water 1 L, pack of 4",مياه عيدن 1 لتر 4 عبوات,4000,ml,tray,Israel,no,low,https://shoppy.co.il/search?q=water,Israeli supermarket listing; Israeli goods reach Gaza via Kerem Shalom traders
bottled_water,Ein Gedi,"Ein Gedi water 2 L, pack of 6",مياه عين جدي 2 لتر 6 عبوات,12000,ml,tray,Israel,no,low,https://shoppy.co.il/search?q=water,Israeli supermarket listing; Israeli goods reach Gaza via Kerem Shalom traders
soft_drink,Coca-Cola,Coca-Cola 1.125 L,كوكا كولا 1.125 لتر,1125,ml,bottle,Palestine,no,high,https://www.palbazaar.com/%D9%85%D8%B4%D8%B1%D9%88%D8%A8%D8%A7%D8%AA-%D8%A8%D8%A7%D8%B1%D8%AF%D8%A9,"Palestinian online supermarket (prices in NIS); plausibly also in Gaza; bottled in Palestine by National Beverage Company (NBC), which also opened a Gaza plant in 2016"
soft_drink,Coca-Cola,Coca-Cola 2 L,كوكا كولا 2 لتر,2000,ml,bottle,Palestine,no,high,https://www.palbazaar.com/%D9%85%D8%B4%D8%B1%D9%88%D8%A8%D8%A7%D8%AA-%D8%A8%D8%A7%D8%B1%D8%AF%D8%A9,"Palestinian online supermarket (prices in NIS); plausibly also in Gaza; bottled in Palestine by National Beverage Company (NBC), which also opened a Gaza plant in 2016"
soft_drink,Coca-Cola,Coca-Cola 250 ml plastic,كوكا كولا بلاستيك 250 مل,250,ml,bottle,Palestine,no,high,https://www.palbazaar.com/%D9%85%D8%B4%D8%B1%D9%88%D8%A8%D8%A7%D8%AA-%D8%A8%D8%A7%D8%B1%D8%AF%D8%A9,"Palestinian online supermarket (prices in NIS); plausibly also in Gaza; bottled in Palestine by National Beverage Company (NBC), which also opened a Gaza plant in 2016"
soft_drink,Coca-Cola,Coca-Cola 250 ml can,كوكا كولا تنك 250 مل,250,ml,can,Palestine,no,high,https://www.palbazaar.com/%D9%85%D8%B4%D8%B1%D9%88%D8%A8%D8%A7%D8%AA-%D8%A8%D8%A7%D8%B1%D8%AF%D8%A9,"Palestinian online supermarket (prices in NIS); plausibly also in Gaza; bottled in Palestine by National Beverage Company (NBC), which also opened a Gaza plant in 2016"
soft_drink,Coca-Cola,"Coca-Cola 1.125 L, box of 6",كوكا كولا 1.125 صندوق 6,6750,ml,tray,Palestine,no,high,https://www.palbazaar.com/%D9%85%D8%B4%D8%B1%D9%88%D8%A8%D8%A7%D8%AA-%D8%A8%D8%A7%D8%B1%D8%AF%D8%A9,"Palestinian online supermarket (prices in NIS); plausibly also in Gaza; bottled in Palestine by National Beverage Company (NBC), which also opened a Gaza plant in 2016; multipack"
soft_drink,Coca-Cola,Coca-Cola 150 ml can,كوكا كولا تنك 150 مل,150,ml,can,Palestine,no,high,https://www.palbazaar.com/%D9%85%D8%B4%D8%B1%D9%88%D8%A8%D8%A7%D8%AA-%D8%A8%D8%A7%D8%B1%D8%AF%D8%A9,"Palestinian online supermarket (prices in NIS); plausibly also in Gaza; bottled in Palestine by National Beverage Company (NBC), which also opened a Gaza plant in 2016"
soft_drink,Coca-Cola,"Coca-Cola 250 ml can, box of 30",كوكا كولا تنك 250 مل صندوق 30 حبة,7500,ml,tray,Palestine,no,high,https://www.palbazaar.com/%D9%85%D8%B4%D8%B1%D9%88%D8%A8%D8%A7%D8%AA-%D8%A8%D8%A7%D8%B1%D8%AF%D8%A9,"Palestinian online supermarket (prices in NIS); plausibly also in Gaza; bottled in Palestine by National Beverage Company (NBC), which also opened a Gaza plant in 2016; multipack"
soft_drink,Coca-Cola,Coca-Cola 330 ml can,كوكا كولا تنك 330 مل,330,ml,can,Palestine,no,high,https://www.palbazaar.com/%D9%85%D8%B4%D8%B1%D9%88%D8%A8%D8%A7%D8%AA-%D8%A8%D8%A7%D8%B1%D8%AF%D8%A9,"Palestinian online supermarket (prices in NIS); plausibly also in Gaza; bottled in Palestine by National Beverage Company (NBC), which also opened a Gaza plant in 2016"
soft_drink,Coca-Cola,Coca-Cola Zero 330 ml can,كوكا كولا زيرو 330 مل,330,ml,can,Palestine,no,high,https://www.palbazaar.com/%D9%85%D8%B4%D8%B1%D9%88%D8%A8%D8%A7%D8%AA-%D8%A8%D8%A7%D8%B1%D8%AF%D8%A9,"Palestinian online supermarket (prices in NIS); plausibly also in Gaza; bottled in Palestine by National Beverage Company (NBC), which also opened a Gaza plant in 2016"
soft_drink,Coca-Cola,Coca-Cola Diet 330 ml can,كوكا كولا دايت تنك 330 مل,330,ml,can,Palestine,no,high,https://www.palbazaar.com/%D9%85%D8%B4%D8%B1%D9%88%D8%A8%D8%A7%D8%AA-%D8%A8%D8%A7%D8%B1%D8%AF%D8%A9,"Palestinian online supermarket (prices in NIS); plausibly also in Gaza; bottled in Palestine by National Beverage Company (NBC), which also opened a Gaza plant in 2016"
soft_drink,Coca-Cola,Coca-Cola 250 ml glass,كوكا كولا زجاج 250 مل,250,ml,bottle,Palestine,no,high,https://www.palbazaar.com/%D9%85%D8%B4%D8%B1%D9%88%D8%A8%D8%A7%D8%AA-%D8%A8%D8%A7%D8%B1%D8%AF%D8%A9,"Palestinian online supermarket (prices in NIS); plausibly also in Gaza; bottled in Palestine by National Beverage Company (NBC), which also opened a Gaza plant in 2016"
soft_drink,Coca-Cola,Coca-Cola Zero 1.25 L,كوكا كولا زيرو لتر وربع,1250,ml,bottle,Palestine,no,high,https://www.palbazaar.com/%D9%85%D8%B4%D8%B1%D9%88%D8%A8%D8%A7%D8%AA-%D8%A8%D8%A7%D8%B1%D8%AF%D8%A9,"Palestinian online supermarket (prices in NIS); plausibly also in Gaza; bottled in Palestine by National Beverage Company (NBC), which also opened a Gaza plant in 2016"
soft_drink,Pepsi,Pepsi 250 ml glass,بيبسي كولا زجاج 250 مل,250,ml,bottle,Palestine,no,high,https://www.palbazaar.com/%D9%85%D8%B4%D8%B1%D9%88%D8%A8%D8%A7%D8%AA-%D8%A8%D8%A7%D8%B1%D8%AF%D8%A9,"Palestinian online supermarket (prices in NIS); plausibly also in Gaza; Pepsi Palestine / Yazegi Group, which bottles in Gaza"
soft_drink,Pepsi,Pepsi 1.5 L,بيبسي كولا 1.5 لتر,1500,ml,bottle,Palestine,no,high,https://www.palbazaar.com/%D9%85%D8%B4%D8%B1%D9%88%D8%A8%D8%A7%D8%AA-%D8%A8%D8%A7%D8%B1%D8%AF%D8%A9,"Palestinian online supermarket (prices in NIS); plausibly also in Gaza; Pepsi Palestine / Yazegi Group, which bottles in Gaza"
soft_drink,Pepsi,Pepsi 250 ml plastic,بيبسي كولا بلاستيك 250 مل,250,ml,bottle,Palestine,no,high,https://www.palbazaar.com/%D9%85%D8%B4%D8%B1%D9%88%D8%A8%D8%A7%D8%AA-%D8%A8%D8%A7%D8%B1%D8%AF%D8%A9,"Palestinian online supermarket (prices in NIS); plausibly also in Gaza; Pepsi Palestine / Yazegi Group, which bottles in Gaza"
soft_drink,Pepsi,"Pepsi 150 ml can, box of 30",بيبسي كولا تنك 150 مل صندوق 30 حبة,4500,ml,tray,Palestine,no,high,https://www.palbazaar.com/%D9%85%D8%B4%D8%B1%D9%88%D8%A8%D8%A7%D8%AA-%D8%A8%D8%A7%D8%B1%D8%AF%D8%A9,"Palestinian online supermarket (prices in NIS); plausibly also in Gaza; Pepsi Palestine / Yazegi Group, which bottles in Gaza; multipack"
soft_drink,Pepsi,Pepsi 330 ml can,بيبسي كولا تنكة 330 مل,330,ml,can,Palestine,no,high,https://www.palbazaar.com/%D9%85%D8%B4%D8%B1%D9%88%D8%A8%D8%A7%D8%AA-%D8%A8%D8%A7%D8%B1%D8%AF%D8%A9,"Palestinian online supermarket (prices in NIS); plausibly also in Gaza; Pepsi Palestine / Yazegi Group, which bottles in Gaza"
soft_drink,Pepsi,Pepsi Max 1.5 L,بيبسي كولا ماكس 1.5 لتر,1500,ml,bottle,Palestine,no,high,https://www.palbazaar.com/%D9%85%D8%B4%D8%B1%D9%88%D8%A8%D8%A7%D8%AA-%D8%A8%D8%A7%D8%B1%D8%AF%D8%A9,"Palestinian online supermarket (prices in NIS); plausibly also in Gaza; Pepsi Palestine / Yazegi Group, which bottles in Gaza"
soft_drink,Pepsi,Pepsi Max lemon 500 ml,بيبسي ماكس بالليمون 500 مل,500,ml,bottle,Palestine,no,high,https://www.palbazaar.com/%D9%85%D8%B4%D8%B1%D9%88%D8%A8%D8%A7%D8%AA-%D8%A8%D8%A7%D8%B1%D8%AF%D8%A9,"Palestinian online supermarket (prices in NIS); plausibly also in Gaza; Pepsi Palestine / Yazegi Group, which bottles in Gaza"
soft_drink,Pepsi,Pepsi mini 150 ml can,بيبسي كولا ميني تنكة 150 مل,150,ml,can,Palestine,no,high,https://www.palbazaar.com/%D9%85%D8%B4%D8%B1%D9%88%D8%A8%D8%A7%D8%AA-%D8%A8%D8%A7%D8%B1%D8%AF%D8%A9,"Palestinian online supermarket (prices in NIS); plausibly also in Gaza; Pepsi Palestine / Yazegi Group, which bottles in Gaza"
soft_drink,7Up,7Up 1.5 L,سفن اب 1.5 لتر,1500,ml,bottle,Palestine,no,high,https://www.palbazaar.com/%D9%85%D8%B4%D8%B1%D9%88%D8%A8%D8%A7%D8%AA-%D8%A8%D8%A7%D8%B1%D8%AF%D8%A9,"Palestinian online supermarket (prices in NIS); plausibly also in Gaza; Yazegi Group franchise, bottled in Gaza since 1961"
soft_drink,7Up,7Up 2 L,سفن اب 2 لتر,2000,ml,bottle,Palestine,no,high,https://www.palbazaar.com/%D9%85%D8%B4%D8%B1%D9%88%D8%A8%D8%A7%D8%AA-%D8%A8%D8%A7%D8%B1%D8%AF%D8%A9,"Palestinian online supermarket (prices in NIS); plausibly also in Gaza; Yazegi Group franchise, bottled in Gaza since 1961"
soft_drink,7Up,7Up 500 ml,سفن اب 500 مل,500,ml,bottle,Palestine,no,high,https://www.palbazaar.com/%D9%85%D8%B4%D8%B1%D9%88%D8%A8%D8%A7%D8%AA-%D8%A8%D8%A7%D8%B1%D8%AF%D8%A9,"Palestinian online supermarket (prices in NIS); plausibly also in Gaza; Yazegi Group franchise, bottled in Gaza since 1961"
soft_drink,7Up,7Up 250 ml plastic,سفن اب بلاستيك 250 مل,250,ml,bottle,Palestine,no,high,https://www.palbazaar.com/%D9%85%D8%B4%D8%B1%D9%88%D8%A8%D8%A7%D8%AA-%D8%A8%D8%A7%D8%B1%D8%AF%D8%A9,"Palestinian online supermarket (prices in NIS); plausibly also in Gaza; Yazegi Group franchise, bottled in Gaza since 1961"
soft_drink,7Up,7Up 330 ml can,سفن اب تنك 330 مل,330,ml,can,Palestine,no,high,https://www.palbazaar.com/%D9%85%D8%B4%D8%B1%D9%88%D8%A8%D8%A7%D8%AA-%D8%A8%D8%A7%D8%B1%D8%AF%D8%A9,"Palestinian online supermarket (prices in NIS); plausibly also in Gaza; Yazegi Group franchise, bottled in Gaza since 1961"
soft_drink,7Up,7Up 250 ml glass,سفن اب زجاج 250 مل,250,ml,bottle,Palestine,no,high,https://www.palbazaar.com/%D9%85%D8%B4%D8%B1%D9%88%D8%A8%D8%A7%D8%AA-%D8%A8%D8%A7%D8%B1%D8%AF%D8%A9,"Palestinian online supermarket (prices in NIS); plausibly also in Gaza; Yazegi Group franchise, bottled in Gaza since 1961"
soft_drink,Mirinda,Mirinda 1.5 L,مرندا 1.5 لتر,1500,ml,bottle,Palestine,no,high,https://www.palbazaar.com/%D9%85%D8%B4%D8%B1%D9%88%D8%A8%D8%A7%D8%AA-%D8%A8%D8%A7%D8%B1%D8%AF%D8%A9,Palestinian online supermarket (prices in NIS); plausibly also in Gaza; Yazegi Group franchise
soft_drink,Mirinda,Mirinda orange 330 ml can,مرندا برتقال تنك 330 مل,330,ml,can,Palestine,no,high,https://www.palbazaar.com/%D9%85%D8%B4%D8%B1%D9%88%D8%A8%D8%A7%D8%AA-%D8%A8%D8%A7%D8%B1%D8%AF%D8%A9,Palestinian online supermarket (prices in NIS); plausibly also in Gaza; Yazegi Group franchise
soft_drink,Mirinda,Mirinda 250 ml glass,مرندا زجاج 250 مل,250,ml,bottle,Palestine,no,high,https://www.palbazaar.com/%D9%85%D8%B4%D8%B1%D9%88%D8%A8%D8%A7%D8%AA-%D8%A8%D8%A7%D8%B1%D8%AF%D8%A9,Palestinian online supermarket (prices in NIS); plausibly also in Gaza; Yazegi Group franchise
soft_drink,Mirinda,Mirinda mini 150 ml can,مرندا ميني تنكة 150 مل,150,ml,can,Palestine,no,high,https://www.palbazaar.com/%D9%85%D8%B4%D8%B1%D9%88%D8%A8%D8%A7%D8%AA-%D8%A8%D8%A7%D8%B1%D8%AF%D8%A9,Palestinian online supermarket (prices in NIS); plausibly also in Gaza; Yazegi Group franchise
soft_drink,Sprite,"Sprite 150 ml can, box of 30",سبرايت تنك 150 مل صندوق 30 حبة,4500,ml,tray,Palestine,no,high,https://www.palbazaar.com/%D9%85%D8%B4%D8%B1%D9%88%D8%A8%D8%A7%D8%AA-%D8%A8%D8%A7%D8%B1%D8%AF%D8%A9,Palestinian online supermarket (prices in NIS); plausibly also in Gaza; NBC (Coca-Cola system); multipack
soft_drink,Sprite,Sprite 2 L,سبرايت 2 لتر,2000,ml,bottle,Palestine,no,high,https://www.palbazaar.com/%D9%85%D8%B4%D8%B1%D9%88%D8%A8%D8%A7%D8%AA-%D8%A8%D8%A7%D8%B1%D8%AF%D8%A9,Palestinian online supermarket (prices in NIS); plausibly also in Gaza; NBC (Coca-Cola system)
soft_drink,Sprite,"Sprite 2 L, box of 6",سبرايت 2 لتر صندوق 6 حبات,12000,ml,tray,Palestine,no,high,https://www.palbazaar.com/%D9%85%D8%B4%D8%B1%D9%88%D8%A8%D8%A7%D8%AA-%D8%A8%D8%A7%D8%B1%D8%AF%D8%A9,Palestinian online supermarket (prices in NIS); plausibly also in Gaza; NBC (Coca-Cola system); multipack
soft_drink,Sprite,Sprite 1.125 L,سبرايت 1.125 لتر,1125,ml,bottle,Palestine,no,high,https://www.palbazaar.com/%D9%85%D8%B4%D8%B1%D9%88%D8%A8%D8%A7%D8%AA-%D8%A8%D8%A7%D8%B1%D8%AF%D8%A9,Palestinian online supermarket (prices in NIS); plausibly also in Gaza; NBC (Coca-Cola system)
soft_drink,Sprite,Sprite 150 ml,سبرايت 150 مل,150,ml,can,Palestine,no,high,https://www.palbazaar.com/%D9%85%D8%B4%D8%B1%D9%88%D8%A8%D8%A7%D8%AA-%D8%A8%D8%A7%D8%B1%D8%AF%D8%A9,Palestinian online supermarket (prices in NIS); plausibly also in Gaza; NBC (Coca-Cola system)
soft_drink,Sprite,Sprite 250 ml,سبرايت 250 مل,250,ml,bottle,Palestine,no,high,https://www.palbazaar.com/%D9%85%D8%B4%D8%B1%D9%88%D8%A8%D8%A7%D8%AA-%D8%A8%D8%A7%D8%B1%D8%AF%D8%A9,Palestinian online supermarket (prices in NIS); plausibly also in Gaza; NBC (Coca-Cola system)
soft_drink,Sprite,Sprite 330 ml can,سبرايت 330 مل تنك,330,ml,can,Palestine,no,high,https://www.palbazaar.com/%D9%85%D8%B4%D8%B1%D9%88%D8%A8%D8%A7%D8%AA-%D8%A8%D8%A7%D8%B1%D8%AF%D8%A9,Palestinian online supermarket (prices in NIS); plausibly also in Gaza; NBC (Coca-Cola system)
soft_drink,Sprite,Sprite 300 ml glass,سبرايت زجاج 300 مل,300,ml,bottle,Palestine,no,high,https://www.palbazaar.com/%D9%85%D8%B4%D8%B1%D9%88%D8%A8%D8%A7%D8%AA-%D8%A8%D8%A7%D8%B1%D8%AF%D8%A9,Palestinian online supermarket (prices in NIS); plausibly also in Gaza; NBC (Coca-Cola system)
soft_drink,Fanta,Fanta orange 1.125 L,فانتا برتقال 1.125 لتر,1125,ml,bottle,Palestine,no,high,https://www.palbazaar.com/%D9%85%D8%B4%D8%B1%D9%88%D8%A8%D8%A7%D8%AA-%D8%A8%D8%A7%D8%B1%D8%AF%D8%A9,Palestinian online supermarket (prices in NIS); plausibly also in Gaza; NBC (Coca-Cola system)
soft_drink,Fanta,Fanta orange 330 ml,فانتا برتقال 330 مل,330,ml,can,Palestine,no,high,https://www.palbazaar.com/%D9%85%D8%B4%D8%B1%D9%88%D8%A8%D8%A7%D8%AA-%D8%A8%D8%A7%D8%B1%D8%AF%D8%A9,Palestinian online supermarket (prices in NIS); plausibly also in Gaza; NBC (Coca-Cola system)
soft_drink,Fanta,Fanta apple 1.125 L,فانتا تفاح 1.125 لتر,1125,ml,bottle,Palestine,no,high,https://www.palbazaar.com/%D9%85%D8%B4%D8%B1%D9%88%D8%A8%D8%A7%D8%AA-%D8%A8%D8%A7%D8%B1%D8%AF%D8%A9,Palestinian online supermarket (prices in NIS); plausibly also in Gaza; NBC (Coca-Cola system)
soft_drink,Fanta,Fanta apple 330 ml,فانتا تفاح 330 مل,330,ml,can,Palestine,no,high,https://www.palbazaar.com/%D9%85%D8%B4%D8%B1%D9%88%D8%A8%D8%A7%D8%AA-%D8%A8%D8%A7%D8%B1%D8%AF%D8%A9,Palestinian online supermarket (prices in NIS); plausibly also in Gaza; NBC (Coca-Cola system)
soft_drink,Fanta,Fanta strawberry 1.125 L,فانتا فراولة 1.125 لتر,1125,ml,bottle,Palestine,no,high,https://www.palbazaar.com/%D9%85%D8%B4%D8%B1%D9%88%D8%A8%D8%A7%D8%AA-%D8%A8%D8%A7%D8%B1%D8%AF%D8%A9,Palestinian online supermarket (prices in NIS); plausibly also in Gaza; NBC (Coca-Cola system)
soft_drink,Fanta,Fanta strawberry 330 ml,فانتا فراولة 330 مل,330,ml,can,Palestine,no,high,https://www.palbazaar.com/%D9%85%D8%B4%D8%B1%D9%88%D8%A8%D8%A7%D8%AA-%D8%A8%D8%A7%D8%B1%D8%AF%D8%A9,Palestinian online supermarket (prices in NIS); plausibly also in Gaza; NBC (Coca-Cola system)
soft_drink,RC Cola,RC Cola 1.125 L,ار سي كولا 1.125 لتر,1125,ml,bottle,unknown,no,medium,https://www.palbazaar.com/%D9%85%D8%B4%D8%B1%D9%88%D8%A8%D8%A7%D8%AA-%D8%A8%D8%A7%D8%B1%D8%AF%D8%A9,Palestinian online supermarket (prices in NIS); plausibly also in Gaza
soft_drink,RC Cola,RC Cola 2 L,ار سي كولا 2 لتر,2000,ml,bottle,unknown,no,medium,https://www.palbazaar.com/%D9%85%D8%B4%D8%B1%D9%88%D8%A8%D8%A7%D8%AA-%D8%A8%D8%A7%D8%B1%D8%AF%D8%A9,Palestinian online supermarket (prices in NIS); plausibly also in Gaza
soft_drink,Schweppes,Schweppes exotic 250 ml glass,شويبس امزوتيك زجاج 250 مل,250,ml,bottle,unknown,no,medium,https://www.palbazaar.com/%D9%85%D8%B4%D8%B1%D9%88%D8%A8%D8%A7%D8%AA-%D8%A8%D8%A7%D8%B1%D8%AF%D8%A9,Palestinian online supermarket (prices in NIS); plausibly also in Gaza
soft_drink,Schweppes,Schweppes orange 1.25 L,شويبس برتقال 1.25 لتر,1250,ml,bottle,unknown,no,medium,https://www.palbazaar.com/%D9%85%D8%B4%D8%B1%D9%88%D8%A8%D8%A7%D8%AA-%D8%A8%D8%A7%D8%B1%D8%AF%D8%A9,Palestinian online supermarket (prices in NIS); plausibly also in Gaza
soft_drink,Schweppes,Schweppes orange 250 ml glass,شويبس برتقال زجاج 250 مل,250,ml,bottle,unknown,no,medium,https://www.palbazaar.com/%D9%85%D8%B4%D8%B1%D9%88%D8%A8%D8%A7%D8%AA-%D8%A8%D8%A7%D8%B1%D8%AF%D8%A9,Palestinian online supermarket (prices in NIS); plausibly also in Gaza
soft_drink,Schweppes,Schweppes apple 1.25 L,شويبس تفاح 1.25 لتر,1250,ml,bottle,unknown,no,medium,https://www.palbazaar.com/%D9%85%D8%B4%D8%B1%D9%88%D8%A8%D8%A7%D8%AA-%D8%A8%D8%A7%D8%B1%D8%AF%D8%A9,Palestinian online supermarket (prices in NIS); plausibly also in Gaza
soft_drink,Schweppes,Schweppes apple 250 ml glass,شويبس تفاح زجاج 250 مل,250,ml,bottle,unknown,no,medium,https://www.palbazaar.com/%D9%85%D8%B4%D8%B1%D9%88%D8%A8%D8%A7%D8%AA-%D8%A8%D8%A7%D8%B1%D8%AF%D8%A9,Palestinian online supermarket (prices in NIS); plausibly also in Gaza
soft_drink,Schweppes,Schweppes grape 1.25 L,شويبس عنب 1.25 لتر,1250,ml,bottle,unknown,no,medium,https://www.palbazaar.com/%D9%85%D8%B4%D8%B1%D9%88%D8%A8%D8%A7%D8%AA-%D8%A8%D8%A7%D8%B1%D8%AF%D8%A9,Palestinian online supermarket (prices in NIS); plausibly also in Gaza
soft_drink,Schweppes,Schweppes grape 250 ml glass,شويبس عنب زجاج 250 مل,250,ml,bottle,unknown,no,medium,https://www.palbazaar.com/%D9%85%D8%B4%D8%B1%D9%88%D8%A8%D8%A7%D8%AA-%D8%A8%D8%A7%D8%B1%D8%AF%D8%A9,Palestinian online supermarket (prices in NIS); plausibly also in Gaza
soft_drink,Schweppes,Schweppes pink lemonade 250 ml glass,شويبس ليموناده وردية زجاج 250 مل,250,ml,bottle,unknown,no,medium,https://www.palbazaar.com/%D9%85%D8%B4%D8%B1%D9%88%D8%A8%D8%A7%D8%AA-%D8%A8%D8%A7%D8%B1%D8%AF%D8%A9,Palestinian online supermarket (prices in NIS); plausibly also in Gaza
soft_drink,Fresher,Fresher orange soda 250 ml,فريشر برتقال 250 مل,250,ml,bottle,unknown,no,medium,https://www.palbazaar.com/%D9%85%D8%B4%D8%B1%D9%88%D8%A8%D8%A7%D8%AA-%D8%A8%D8%A7%D8%B1%D8%AF%D8%A9,Palestinian online supermarket (prices in NIS); plausibly also in Gaza
soft_drink,Fresher,Fresher apple soda 250 ml,فريشر تفاح 250 مل,250,ml,bottle,unknown,no,medium,https://www.palbazaar.com/%D9%85%D8%B4%D8%B1%D9%88%D8%A8%D8%A7%D8%AA-%D8%A8%D8%A7%D8%B1%D8%AF%D8%A9,Palestinian online supermarket (prices in NIS); plausibly also in Gaza
soft_drink,Fresher,Fresher strawberry soda 250 ml,فريشر فراولة 250 مل,250,ml,bottle,unknown,no,medium,https://www.palbazaar.com/%D9%85%D8%B4%D8%B1%D9%88%D8%A8%D8%A7%D8%AA-%D8%A8%D8%A7%D8%B1%D8%AF%D8%A9,Palestinian online supermarket (prices in NIS); plausibly also in Gaza
soft_drink,Fresher,Fresher lemon-mint soda 250 ml,فريشر ليمون ونعنع 250 مل,250,ml,bottle,unknown,no,medium,https://www.palbazaar.com/%D9%85%D8%B4%D8%B1%D9%88%D8%A8%D8%A7%D8%AA-%D8%A8%D8%A7%D8%B1%D8%AF%D8%A9,Palestinian online supermarket (prices in NIS); plausibly also in Gaza
soft_drink,Fresher,Fresher soda water 250 ml,فريشر صودا 250 مل,250,ml,bottle,unknown,no,medium,https://www.palbazaar.com/%D9%85%D8%B4%D8%B1%D9%88%D8%A8%D8%A7%D8%AA-%D8%A8%D8%A7%D8%B1%D8%AF%D8%A9,Palestinian online supermarket (prices in NIS); plausibly also in Gaza
fruit_juice,Cappy,Cappy orange juice 1.5 L,كابي عصير البرتقال 1.5 لتر,1500,ml,bottle,Palestine,no,medium,https://www.palbazaar.com/%D9%85%D8%B4%D8%B1%D9%88%D8%A8%D8%A7%D8%AA-%D8%A8%D8%A7%D8%B1%D8%AF%D8%A9,Palestinian online supermarket (prices in NIS); plausibly also in Gaza; NBC (Coca-Cola system) juice brand
fruit_juice,Cappy,Cappy orange juice 330 ml,كابي عصير البرتقال 330 مل,330,ml,bottle,Palestine,no,medium,https://www.palbazaar.com/%D9%85%D8%B4%D8%B1%D9%88%D8%A8%D8%A7%D8%AA-%D8%A8%D8%A7%D8%B1%D8%AF%D8%A9,Palestinian online supermarket (prices in NIS); plausibly also in Gaza
fruit_juice,Cappy,Cappy apple juice 1.5 L,كابي عصير التفاح 1.5 لتر,1500,ml,bottle,Palestine,no,medium,https://www.palbazaar.com/%D9%85%D8%B4%D8%B1%D9%88%D8%A8%D8%A7%D8%AA-%D8%A8%D8%A7%D8%B1%D8%AF%D8%A9,Palestinian online supermarket (prices in NIS); plausibly also in Gaza; NBC (Coca-Cola system) juice brand
fruit_juice,Cappy,Cappy apple juice 330 ml,كابي عصير التفاح 330 مل,330,ml,bottle,Palestine,no,medium,https://www.palbazaar.com/%D9%85%D8%B4%D8%B1%D9%88%D8%A8%D8%A7%D8%AA-%D8%A8%D8%A7%D8%B1%D8%AF%D8%A9,Palestinian online supermarket (prices in NIS); plausibly also in Gaza
fruit_juice,Cappy,Cappy grape juice 1.5 L,كابي عصير العنب 1.5 لتر,1500,ml,bottle,Palestine,no,medium,https://www.palbazaar.com/%D9%85%D8%B4%D8%B1%D9%88%D8%A8%D8%A7%D8%AA-%D8%A8%D8%A7%D8%B1%D8%AF%D8%A9,Palestinian online supermarket (prices in NIS); plausibly also in Gaza; NBC (Coca-Cola system) juice brand
fruit_juice,Cappy,Cappy grape juice 330 ml,كابي عصير العنب 330 مل,330,ml,bottle,Palestine,no,medium,https://www.palbazaar.com/%D9%85%D8%B4%D8%B1%D9%88%D8%A8%D8%A7%D8%AA-%D8%A8%D8%A7%D8%B1%D8%AF%D8%A9,Palestinian online supermarket (prices in NIS); plausibly also in Gaza
fruit_juice,Cappy,Cappy lemon juice 1.5 L,كابي عصير الليمون 1.5 لتر,1500,ml,bottle,Palestine,no,medium,https://www.palbazaar.com/%D9%85%D8%B4%D8%B1%D9%88%D8%A8%D8%A7%D8%AA-%D8%A8%D8%A7%D8%B1%D8%AF%D8%A9,Palestinian online supermarket (prices in NIS); plausibly also in Gaza; NBC (Coca-Cola system) juice brand
fruit_juice,Cappy,Cappy lemon juice 330 ml,كابي عصير الليمون 330 مل,330,ml,bottle,Palestine,no,medium,https://www.palbazaar.com/%D9%85%D8%B4%D8%B1%D9%88%D8%A8%D8%A7%D8%AA-%D8%A8%D8%A7%D8%B1%D8%AF%D8%A9,Palestinian online supermarket (prices in NIS); plausibly also in Gaza
fruit_juice,Cappy,Cappy mango juice 1.5 L,كابي عصير المانجا 1.5 لتر,1500,ml,bottle,Palestine,no,medium,https://www.palbazaar.com/%D9%85%D8%B4%D8%B1%D9%88%D8%A8%D8%A7%D8%AA-%D8%A8%D8%A7%D8%B1%D8%AF%D8%A9,Palestinian online supermarket (prices in NIS); plausibly also in Gaza; NBC (Coca-Cola system) juice brand
fruit_juice,Cappy,Cappy mango juice 330 ml,كابي عصير المانجا 330 مل,330,ml,bottle,Palestine,no,medium,https://www.palbazaar.com/%D9%85%D8%B4%D8%B1%D9%88%D8%A8%D8%A7%D8%AA-%D8%A8%D8%A7%D8%B1%D8%AF%D8%A9,Palestinian online supermarket (prices in NIS); plausibly also in Gaza
fruit_juice,Original,Original orange juice drink 250 ml plastic,اورجنال عصير البرتقال بلاستيك 250 مل,250,ml,bottle,unknown,no,medium,https://www.palbazaar.com/%D9%85%D8%B4%D8%B1%D9%88%D8%A8%D8%A7%D8%AA-%D8%A8%D8%A7%D8%B1%D8%AF%D8%A9,Palestinian online supermarket (prices in NIS); plausibly also in Gaza
fruit_juice,Original,Original cocktail juice drink 250 ml plastic,اورجنال عصير الكوكتيل بلاستيك 250 مل,250,ml,bottle,unknown,no,medium,https://www.palbazaar.com/%D9%85%D8%B4%D8%B1%D9%88%D8%A8%D8%A7%D8%AA-%D8%A8%D8%A7%D8%B1%D8%AF%D8%A9,Palestinian online supermarket (prices in NIS); plausibly also in Gaza
fruit_juice,Original,Original mango juice drink 250 ml plastic,اورجنال عصير المانجا بلاستيك 250 مل,250,ml,bottle,unknown,no,medium,https://www.palbazaar.com/%D9%85%D8%B4%D8%B1%D9%88%D8%A8%D8%A7%D8%AA-%D8%A8%D8%A7%D8%B1%D8%AF%D8%A9,Palestinian online supermarket (prices in NIS); plausibly also in Gaza
fruit_juice,Original,Original orange juice drink 1.4 L plastic,اورجنال عصير البرتقال بلاستيك 1.4 لتر,1400,ml,bottle,unknown,no,medium,https://www.palbazaar.com/%D9%85%D8%B4%D8%B1%D9%88%D8%A8%D8%A7%D8%AA-%D8%A8%D8%A7%D8%B1%D8%AF%D8%A9,Palestinian online supermarket (prices in NIS); plausibly also in Gaza
fruit_juice,Original,Original orange juice drink 250 ml carton,اورجنال عصير البرتقال كرتون 250 مل,250,ml,carton,unknown,no,medium,https://www.palbazaar.com/%D9%85%D8%B4%D8%B1%D9%88%D8%A8%D8%A7%D8%AA-%D8%A8%D8%A7%D8%B1%D8%AF%D8%A9,Palestinian online supermarket (prices in NIS); plausibly also in Gaza
fruit_juice,Original,Original apple juice drink 1.4 L plastic,اورجنال عصير التفاح بلاستيك 1.4 لتر,1400,ml,bottle,unknown,no,medium,https://www.palbazaar.com/%D9%85%D8%B4%D8%B1%D9%88%D8%A8%D8%A7%D8%AA-%D8%A8%D8%A7%D8%B1%D8%AF%D8%A9,Palestinian online supermarket (prices in NIS); plausibly also in Gaza
fruit_juice,Original,Original apple juice drink 250 ml plastic,اورجنال عصير التفاح بلاستيك 250 مل,250,ml,bottle,unknown,no,medium,https://www.palbazaar.com/%D9%85%D8%B4%D8%B1%D9%88%D8%A8%D8%A7%D8%AA-%D8%A8%D8%A7%D8%B1%D8%AF%D8%A9,Palestinian online supermarket (prices in NIS); plausibly also in Gaza
fruit_juice,Original,Original apple juice drink 250 ml carton,اورجنال عصير التفاح كرتون 250 مل,250,ml,carton,unknown,no,medium,https://www.palbazaar.com/%D9%85%D8%B4%D8%B1%D9%88%D8%A8%D8%A7%D8%AA-%D8%A8%D8%A7%D8%B1%D8%AF%D8%A9,Palestinian online supermarket (prices in NIS); plausibly also in Gaza
fruit_juice,Original,Original berry juice drink 250 ml carton,اورجنال عصير التوت كرتون 250 مل,250,ml,carton,unknown,no,medium,https://www.palbazaar.com/%D9%85%D8%B4%D8%B1%D9%88%D8%A8%D8%A7%D8%AA-%D8%A8%D8%A7%D8%B1%D8%AF%D8%A9,Palestinian online supermarket (prices in NIS); plausibly also in Gaza
fruit_juice,Original,Original guava juice drink 1.4 L plastic,اورجنال عصير الجوافة بلاستيك 1.4 لتر,1400,ml,bottle,unknown,no,medium,https://www.palbazaar.com/%D9%85%D8%B4%D8%B1%D9%88%D8%A8%D8%A7%D8%AA-%D8%A8%D8%A7%D8%B1%D8%AF%D8%A9,Palestinian online supermarket (prices in NIS); plausibly also in Gaza
fruit_juice,Original,Original guava juice drink 250 ml plastic,اورجنال عصير الجوافة بلاستيك 250 مل,250,ml,bottle,unknown,no,medium,https://www.palbazaar.com/%D9%85%D8%B4%D8%B1%D9%88%D8%A8%D8%A7%D8%AA-%D8%A8%D8%A7%D8%B1%D8%AF%D8%A9,Palestinian online supermarket (prices in NIS); plausibly also in Gaza
fruit_juice,Original,Original guava juice drink 250 ml carton,اورجنال عصير الجوافة كرتون 250 مل,250,ml,carton,unknown,no,medium,https://www.palbazaar.com/%D9%85%D8%B4%D8%B1%D9%88%D8%A8%D8%A7%D8%AA-%D8%A8%D8%A7%D8%B1%D8%AF%D8%A9,Palestinian online supermarket (prices in NIS); plausibly also in Gaza
fruit_juice,Original,Original cocktail juice drink 1.4 L plastic,اورجنال عصير الكوكتيل بلاستيك 1.4 لتر,1400,ml,bottle,unknown,no,medium,https://www.palbazaar.com/%D9%85%D8%B4%D8%B1%D9%88%D8%A8%D8%A7%D8%AA-%D8%A8%D8%A7%D8%B1%D8%AF%D8%A9,Palestinian online supermarket (prices in NIS); plausibly also in Gaza
fruit_juice,Original,Original cocktail juice drink 250 ml carton,اورجنال عصير الكوكتيل كرتون 250 مل,250,ml,carton,unknown,no,medium,https://www.palbazaar.com/%D9%85%D8%B4%D8%B1%D9%88%D8%A8%D8%A7%D8%AA-%D8%A8%D8%A7%D8%B1%D8%AF%D8%A9,Palestinian online supermarket (prices in NIS); plausibly also in Gaza
fruit_juice,Original,Original mango juice drink 1.4 L plastic,اورجنال عصير المانجا بلاستيك 1.4 لتر,1400,ml,bottle,unknown,no,medium,https://www.palbazaar.com/%D9%85%D8%B4%D8%B1%D9%88%D8%A8%D8%A7%D8%AA-%D8%A8%D8%A7%D8%B1%D8%AF%D8%A9,Palestinian online supermarket (prices in NIS); plausibly also in Gaza
fruit_juice,Original,Original mango juice drink 250 ml carton,اورجنال عصير المانجا كرتون 250 مل,250,ml,carton,unknown,no,medium,https://www.palbazaar.com/%D9%85%D8%B4%D8%B1%D9%88%D8%A8%D8%A7%D8%AA-%D8%A8%D8%A7%D8%B1%D8%AF%D8%A9,Palestinian online supermarket (prices in NIS); plausibly also in Gaza
fruit_juice,Tapuzina,Tapuzina orange drink 1.5 L,تبوزينا عصير البرتقال 1.5 لتر,1500,ml,bottle,Israel,no,medium,https://www.palbazaar.com/%D9%85%D8%B4%D8%B1%D9%88%D8%A8%D8%A7%D8%AA-%D8%A8%D8%A7%D8%B1%D8%AF%D8%A9,Palestinian online supermarket (prices in NIS); plausibly also in Gaza
fruit_juice,Tapuzina,Tapuzina orange drink 330 ml glass,تبوزينا عصير البرتقال زجاج 330 مل,330,ml,bottle,Israel,no,medium,https://www.palbazaar.com/%D9%85%D8%B4%D8%B1%D9%88%D8%A8%D8%A7%D8%AA-%D8%A8%D8%A7%D8%B1%D8%AF%D8%A9,Palestinian online supermarket (prices in NIS); plausibly also in Gaza
fruit_juice,Tapuzina,Tapuzina apple drink 1.5 L,تبوزينا عصير التفاح 1.5 لتر,1500,ml,bottle,Israel,no,medium,https://www.palbazaar.com/%D9%85%D8%B4%D8%B1%D9%88%D8%A8%D8%A7%D8%AA-%D8%A8%D8%A7%D8%B1%D8%AF%D8%A9,Palestinian online supermarket (prices in NIS); plausibly also in Gaza
fruit_juice,Tapuzina,Tapuzina apple drink 330 ml glass,تبوزينا عصير التفاح زجاج 330 مل,330,ml,bottle,Israel,no,medium,https://www.palbazaar.com/%D9%85%D8%B4%D8%B1%D9%88%D8%A8%D8%A7%D8%AA-%D8%A8%D8%A7%D8%B1%D8%AF%D8%A9,Palestinian online supermarket (prices in NIS); plausibly also in Gaza
fruit_juice,Tapuzina,Tapuzina grape drink 1.5 L,تبوزينا عصير العنب 1.5 لتر,1500,ml,bottle,Israel,no,medium,https://www.palbazaar.com/%D9%85%D8%B4%D8%B1%D9%88%D8%A8%D8%A7%D8%AA-%D8%A8%D8%A7%D8%B1%D8%AF%D8%A9,Palestinian online supermarket (prices in NIS); plausibly also in Gaza
fruit_juice,Tapuzina,Tapuzina grape drink 330 ml glass,تبوزينا عصير العنب زجاج 330 مل,330,ml,bottle,Israel,no,medium,https://www.palbazaar.com/%D9%85%D8%B4%D8%B1%D9%88%D8%A8%D8%A7%D8%AA-%D8%A8%D8%A7%D8%B1%D8%AF%D8%A9,Palestinian online supermarket (prices in NIS); plausibly also in Gaza
fruit_juice,Tapuzina,Tapuzina strawberry drink 1.5 L,تبوزينا عصير الفراولة 1.5 لتر,1500,ml,bottle,Israel,no,medium,https://www.palbazaar.com/%D9%85%D8%B4%D8%B1%D9%88%D8%A8%D8%A7%D8%AA-%D8%A8%D8%A7%D8%B1%D8%AF%D8%A9,Palestinian online supermarket (prices in NIS); plausibly also in Gaza
fruit_juice,Tapuzina,Tapuzina strawberry drink 330 ml glass,تبوزينا عصير الفراولة زجاج 330 مل,330,ml,bottle,Israel,no,medium,https://www.palbazaar.com/%D9%85%D8%B4%D8%B1%D9%88%D8%A8%D8%A7%D8%AA-%D8%A8%D8%A7%D8%B1%D8%AF%D8%A9,Palestinian online supermarket (prices in NIS); plausibly also in Gaza
fruit_juice,Tapuzina,Tapuzina lemon drink 1.5 L,تبوزينا عصير الليمون 1.5 لتر,1500,ml,bottle,Israel,no,medium,https://www.palbazaar.com/%D9%85%D8%B4%D8%B1%D9%88%D8%A8%D8%A7%D8%AA-%D8%A8%D8%A7%D8%B1%D8%AF%D8%A9,Palestinian online supermarket (prices in NIS); plausibly also in Gaza
fruit_juice,Tapuzina,Tapuzina lemon drink 330 ml glass,تبوزينا عصير الليمون زجاج 330 مل,330,ml,bottle,Israel,no,medium,https://www.palbazaar.com/%D9%85%D8%B4%D8%B1%D9%88%D8%A8%D8%A7%D8%AA-%D8%A8%D8%A7%D8%B1%D8%AF%D8%A9,Palestinian online supermarket (prices in NIS); plausibly also in Gaza
fruit_juice,Tapuzina,Tapuzina mango drink 1.5 L,تبوزينا عصير المانجا 1.5 لتر,1500,ml,bottle,Israel,no,medium,https://www.palbazaar.com/%D9%85%D8%B4%D8%B1%D9%88%D8%A8%D8%A7%D8%AA-%D8%A8%D8%A7%D8%B1%D8%AF%D8%A9,Palestinian online supermarket (prices in NIS); plausibly also in Gaza
fruit_juice,Tapuzina,Tapuzina mango drink 330 ml glass,تبوزينا عصير المانجا زجاج 330 مل,330,ml,bottle,Israel,no,medium,https://www.palbazaar.com/%D9%85%D8%B4%D8%B1%D9%88%D8%A8%D8%A7%D8%AA-%D8%A8%D8%A7%D8%B1%D8%AF%D8%A9,Palestinian online supermarket (prices in NIS); plausibly also in Gaza
fruit_juice,Top Drink,Top Drink orange 1.5 L,توب درينك عصير البرتقال 1.5 لتر,1500,ml,bottle,unknown,no,medium,https://www.palbazaar.com/%D9%85%D8%B4%D8%B1%D9%88%D8%A8%D8%A7%D8%AA-%D8%A8%D8%A7%D8%B1%D8%AF%D8%A9,Palestinian online supermarket (prices in NIS); plausibly also in Gaza
fruit_juice,Top Drink,Top Drink orange 330 ml,توب درينك عصير البرتقال 330 مل,330,ml,bottle,unknown,no,medium,https://www.palbazaar.com/%D9%85%D8%B4%D8%B1%D9%88%D8%A8%D8%A7%D8%AA-%D8%A8%D8%A7%D8%B1%D8%AF%D8%A9,Palestinian online supermarket (prices in NIS); plausibly also in Gaza
fruit_juice,Top Drink,Top Drink apple 1.5 L,توب درينك عصير التفاح 1.5 لتر,1500,ml,bottle,unknown,no,medium,https://www.palbazaar.com/%D9%85%D8%B4%D8%B1%D9%88%D8%A8%D8%A7%D8%AA-%D8%A8%D8%A7%D8%B1%D8%AF%D8%A9,Palestinian online supermarket (prices in NIS); plausibly also in Gaza
fruit_juice,Top Drink,Top Drink grapefruit 1.5 L,توب درينك عصير الجريفوت 1.5 لتر,1500,ml,bottle,unknown,no,medium,https://www.palbazaar.com/%D9%85%D8%B4%D8%B1%D9%88%D8%A8%D8%A7%D8%AA-%D8%A8%D8%A7%D8%B1%D8%AF%D8%A9,Palestinian online supermarket (prices in NIS); plausibly also in Gaza
fruit_juice,Top Drink,Top Drink grapefruit 330 ml,توب درينك عصير الجريفوت 330 مل,330,ml,bottle,unknown,no,medium,https://www.palbazaar.com/%D9%85%D8%B4%D8%B1%D9%88%D8%A8%D8%A7%D8%AA-%D8%A8%D8%A7%D8%B1%D8%AF%D8%A9,Palestinian online supermarket (prices in NIS); plausibly also in Gaza
fruit_juice,Top Drink,Top Drink grape 1.5 L,توب درينك عصير العنب 1.5 لتر,1500,ml,bottle,unknown,no,medium,https://www.palbazaar.com/%D9%85%D8%B4%D8%B1%D9%88%D8%A8%D8%A7%D8%AA-%D8%A8%D8%A7%D8%B1%D8%AF%D8%A9,Palestinian online supermarket (prices in NIS); plausibly also in Gaza
fruit_juice,Top Drink,Top Drink grape 330 ml,توب درينك عصير العنب 330 مل,330,ml,bottle,unknown,no,medium,https://www.palbazaar.com/%D9%85%D8%B4%D8%B1%D9%88%D8%A8%D8%A7%D8%AA-%D8%A8%D8%A7%D8%B1%D8%AF%D8%A9,Palestinian online supermarket (prices in NIS); plausibly also in Gaza
fruit_juice,Top Drink,Top Drink strawberry-banana 1.5 L,توب درينك عصير الفراولة والموز 1.5 لتر,1500,ml,bottle,unknown,no,medium,https://www.palbazaar.com/%D9%85%D8%B4%D8%B1%D9%88%D8%A8%D8%A7%D8%AA-%D8%A8%D8%A7%D8%B1%D8%AF%D8%A9,Palestinian online supermarket (prices in NIS); plausibly also in Gaza
fruit_juice,Top Drink,Top Drink strawberry-banana 330 ml,توب درينك عصير الفراولة والموز 330 مل,330,ml,bottle,unknown,no,medium,https://www.palbazaar.com/%D9%85%D8%B4%D8%B1%D9%88%D8%A8%D8%A7%D8%AA-%D8%A8%D8%A7%D8%B1%D8%AF%D8%A9,Palestinian online supermarket (prices in NIS); plausibly also in Gaza
fruit_juice,Top Drink,Top Drink mango 1.5 L,توب درينك عصير المانجا 1.5 لتر,1500,ml,bottle,unknown,no,medium,https://www.palbazaar.com/%D9%85%D8%B4%D8%B1%D9%88%D8%A8%D8%A7%D8%AA-%D8%A8%D8%A7%D8%B1%D8%AF%D8%A9,Palestinian online supermarket (prices in NIS); plausibly also in Gaza
fruit_juice,Top Drink,Top Drink mango 330 ml,توب درينك عصير المانجا 330 مل,330,ml,bottle,unknown,no,medium,https://www.palbazaar.com/%D9%85%D8%B4%D8%B1%D9%88%D8%A8%D8%A7%D8%AA-%D8%A8%D8%A7%D8%B1%D8%AF%D8%A9,Palestinian online supermarket (prices in NIS); plausibly also in Gaza
fruit_juice,Spring,Spring orange juice drink 1.5 L,سبرنج عصير البرتقال 1.5 لتر,1500,ml,bottle,Israel,no,medium,https://www.palbazaar.com/%D9%85%D8%B4%D8%B1%D9%88%D8%A8%D8%A7%D8%AA-%D8%A8%D8%A7%D8%B1%D8%AF%D8%A9,Palestinian online supermarket (prices in NIS); plausibly also in Gaza
fruit_juice,Spring,Spring peach juice drink 1.5 L,سبرنج عصير الخوخ 1.5 لتر,1500,ml,bottle,Israel,no,medium,https://www.palbazaar.com/%D9%85%D8%B4%D8%B1%D9%88%D8%A8%D8%A7%D8%AA-%D8%A8%D8%A7%D8%B1%D8%AF%D8%A9,Palestinian online supermarket (prices in NIS); plausibly also in Gaza
fruit_juice,Spring,Spring tropical fruit juice drink 1.5 L,سبرنج عصير الفواكه الاستوائية 1.5 لتر,1500,ml,bottle,Israel,no,medium,https://www.palbazaar.com/%D9%85%D8%B4%D8%B1%D9%88%D8%A8%D8%A7%D8%AA-%D8%A8%D8%A7%D8%B1%D8%AF%D8%A9,Palestinian online supermarket (prices in NIS); plausibly also in Gaza
fruit_juice,Spring,Spring mango juice drink 1.5 L,سبرنج عصير المانجا 1.5 لتر,1500,ml,bottle,Israel,no,medium,https://www.palbazaar.com/%D9%85%D8%B4%D8%B1%D9%88%D8%A8%D8%A7%D8%AA-%D8%A8%D8%A7%D8%B1%D8%AF%D8%A9,Palestinian online supermarket (prices in NIS); plausibly also in Gaza
fruit_juice,Suntop,Suntop orange 125 ml,سن توب عصير البرتقال 125 مل,125,ml,carton,unknown,no,medium,https://www.palbazaar.com/%D9%85%D8%B4%D8%B1%D9%88%D8%A8%D8%A7%D8%AA-%D8%A8%D8%A7%D8%B1%D8%AF%D8%A9,Palestinian online supermarket (prices in NIS); plausibly also in Gaza; kids' lunchbox size
fruit_juice,Suntop,Suntop mango 125 ml,سن توب عصير المانجا 125 مل,125,ml,carton,unknown,no,medium,https://www.palbazaar.com/%D9%85%D8%B4%D8%B1%D9%88%D8%A8%D8%A7%D8%AA-%D8%A8%D8%A7%D8%B1%D8%AF%D8%A9,Palestinian online supermarket (prices in NIS); plausibly also in Gaza; kids' lunchbox size
fruit_juice,Suntop,Suntop mixed berry 125 ml,سن توب عصير خليط التوت 125 مل,125,ml,carton,unknown,no,medium,https://www.palbazaar.com/%D9%85%D8%B4%D8%B1%D9%88%D8%A8%D8%A7%D8%AA-%D8%A8%D8%A7%D8%B1%D8%AF%D8%A9,Palestinian online supermarket (prices in NIS); plausibly also in Gaza; kids' lunchbox size
fruit_juice,Vimto,Vimto juice pouch 250 ml,فيمتو رضاعة عصير 250 مل,250,ml,pouch,unknown,no,medium,https://www.palbazaar.com/%D9%85%D8%B4%D8%B1%D9%88%D8%A8%D8%A7%D8%AA-%D8%A8%D8%A7%D8%B1%D8%AF%D8%A9,Palestinian online supermarket (prices in NIS); plausibly also in Gaza
fruit_juice,Juhayna,Juhayna Pure orange juice 1 L,جهينة بيور عصير برتقال 1 لتر,1000,ml,carton,Egypt,no,low,https://www.carrefouregypt.com/mafegy/en/search?keyword=juhayna%20juice,Egyptian retail listing; Egyptian goods reach Gaza via Egyptian traders when crossings allow
fruit_juice,Juhayna,Juhayna Pure mango and peach juice 1 L,جهينة بيور مانجو وخوخ 1 لتر,1000,ml,carton,Egypt,no,low,https://www.carrefouregypt.com/mafegy/en/search?keyword=juhayna%20juice,Egyptian retail listing; Egyptian goods reach Gaza via Egyptian traders when crossings allow
fruit_juice,Juhayna,Juhayna Classic guava juice 1 L,جهينة كلاسيك جوافة 1 لتر,1000,ml,carton,Egypt,no,low,https://www.carrefouregypt.com/mafegy/en/search?keyword=juhayna%20juice,Egyptian retail listing; Egyptian goods reach Gaza via Egyptian traders when crossings allow
fruit_juice,Juhayna,Juhayna Classic cocktail juice 235 ml,جهينة كلاسيك كوكتيل 235 مل,235,ml,carton,Egypt,no,low,https://www.carrefouregypt.com/mafegy/en/search?keyword=juhayna%20juice,Egyptian retail listing; Egyptian goods reach Gaza via Egyptian traders when crossings allow
fruit_juice,Juhayna,Juhayna Pure orange juice 235 ml,جهينة بيور برتقال 235 مل,235,ml,carton,Egypt,no,low,https://www.carrefouregypt.com/mafegy/en/search?keyword=juhayna%20juice,Egyptian retail listing; Egyptian goods reach Gaza via Egyptian traders when crossings allow
energy_drink,XL,XL energy drink 125 ml,اكس ال مشروب طاقة 125 مل,125,ml,can,unknown,no,high,https://www.palbazaar.com/%D9%85%D8%B4%D8%B1%D9%88%D8%A8%D8%A7%D8%AA-%D8%A8%D8%A7%D8%B1%D8%AF%D8%A9,Palestinian online supermarket (prices in NIS); plausibly also in Gaza
energy_drink,XL,XL energy drink 250 ml,اكس ال مشروب طاقة 250 مل,250,ml,can,unknown,no,high,https://www.palbazaar.com/%D9%85%D8%B4%D8%B1%D9%88%D8%A8%D8%A7%D8%AA-%D8%A8%D8%A7%D8%B1%D8%AF%D8%A9,Palestinian online supermarket (prices in NIS); plausibly also in Gaza
energy_drink,Amazon,Amazon energy drink 250 ml,امازون طاقة 250 مل,250,ml,can,unknown,no,medium,https://www.palbazaar.com/%D9%85%D8%B4%D8%B1%D9%88%D8%A8%D8%A7%D8%AA-%D8%A8%D8%A7%D8%B1%D8%AF%D8%A9,Palestinian online supermarket (prices in NIS); plausibly also in Gaza
energy_drink,Power Horse,Power Horse energy drink 250 ml,باور هورس مشروب طاقة 250 مل,250,ml,can,Austria,no,medium,https://www.palbazaar.com/%D9%85%D8%B4%D8%B1%D9%88%D8%A8%D8%A7%D8%AA-%D8%A8%D8%A7%D8%B1%D8%AF%D8%A9,Palestinian online supermarket (prices in NIS); plausibly also in Gaza
energy_drink,Bison,Bison energy drink 250 ml,بايسون مشروب طاقة 250 مل,250,ml,can,unknown,no,medium,https://www.palbazaar.com/%D9%85%D8%B4%D8%B1%D9%88%D8%A8%D8%A7%D8%AA-%D8%A8%D8%A7%D8%B1%D8%AF%D8%A9,Palestinian online supermarket (prices in NIS); plausibly also in Gaza
energy_drink,Blu,Blu Day energy drink 250 ml,بلو داي مشروب طاقة 250 مل,250,ml,can,Israel,no,medium,https://www.palbazaar.com/%D9%85%D8%B4%D8%B1%D9%88%D8%A8%D8%A7%D8%AA-%D8%A8%D8%A7%D8%B1%D8%AF%D8%A9,Palestinian online supermarket (prices in NIS); plausibly also in Gaza
energy_drink,Blu,Blu Classic energy drink 250 ml,بلو كلاسيك مشروب طاقة 250 مل,250,ml,can,Israel,no,medium,https://www.palbazaar.com/%D9%85%D8%B4%D8%B1%D9%88%D8%A8%D8%A7%D8%AA-%D8%A8%D8%A7%D8%B1%D8%AF%D8%A9,Palestinian online supermarket (prices in NIS); plausibly also in Gaza
energy_drink,Blu,Blu lemon-mint energy drink 250 ml,بلو ليمون ونعنع مشروب طاقة 250 مل,250,ml,can,Israel,no,medium,https://www.palbazaar.com/%D9%85%D8%B4%D8%B1%D9%88%D8%A8%D8%A7%D8%AA-%D8%A8%D8%A7%D8%B1%D8%AF%D8%A9,Palestinian online supermarket (prices in NIS); plausibly also in Gaza
energy_drink,Red Bull,Red Bull energy drink 250 ml,رد بول مشروب طاقة 250 مل,250,ml,can,Austria,no,high,https://www.palbazaar.com/%D9%85%D8%B4%D8%B1%D9%88%D8%A8%D8%A7%D8%AA-%D8%A8%D8%A7%D8%B1%D8%AF%D8%A9,Palestinian online supermarket (prices in NIS); plausibly also in Gaza
energy_drink,Happy,Happy energy drink 250 ml,هايبي مشروب طاقة 250 مل,250,ml,can,unknown,no,medium,https://www.palbazaar.com/%D9%85%D8%B4%D8%B1%D9%88%D8%A8%D8%A7%D8%AA-%D8%A8%D8%A7%D8%B1%D8%AF%D8%A9,Palestinian online supermarket (prices in NIS); plausibly also in Gaza
energy_drink,Monster,Monster Energy original 500 ml,مونستر مشروب طاقة 500 مل,500,ml,can,Egypt,no,low,https://www.carrefouregypt.com/mafegy/en/search?keyword=energy%20drink,Egyptian retail listing; Egyptian goods reach Gaza via Egyptian traders when crossings allow
energy_drink,Power Horse,Power Horse energy drink 355 ml,باور هورس مشروب طاقة 355 مل,355,ml,can,Egypt,no,low,https://www.carrefouregypt.com/mafegy/en/search?keyword=energy%20drink,Egyptian retail listing; Egyptian goods reach Gaza via Egyptian traders when crossings allow
energy_drink,Sting,Sting energy drink 250 ml,ستينج مشروب طاقة 250 مل,250,ml,can,Egypt,no,low,https://www.carrefouregypt.com/mafegy/en/search?keyword=energy%20drink,Egyptian retail listing; Egyptian goods reach Gaza via Egyptian traders when crossings allow
malt_drink,Bavaria,Bavaria malt drink original 500 ml can,بافاريا تنك 500 مل بالطعم الاورجينال,500,ml,can,Netherlands,no,medium,https://www.palbazaar.com/%D9%85%D8%B4%D8%B1%D9%88%D8%A8%D8%A7%D8%AA-%D8%A8%D8%A7%D8%B1%D8%AF%D8%A9,Palestinian online supermarket (prices in NIS); plausibly also in Gaza
malt_drink,Bavaria,Bavaria malt drink apple 500 ml can,بافاريا تنك 500 مل بطعم التفاح,500,ml,can,Netherlands,no,medium,https://www.palbazaar.com/%D9%85%D8%B4%D8%B1%D9%88%D8%A8%D8%A7%D8%AA-%D8%A8%D8%A7%D8%B1%D8%AF%D8%A9,Palestinian online supermarket (prices in NIS); plausibly also in Gaza
malt_drink,Bavaria,Bavaria malt drink original 330 ml glass,بافاريا زجاج 330 مل بالطعم الاورجينال,330,ml,bottle,Netherlands,no,medium,https://www.palbazaar.com/%D9%85%D8%B4%D8%B1%D9%88%D8%A8%D8%A7%D8%AA-%D8%A8%D8%A7%D8%B1%D8%AF%D8%A9,Palestinian online supermarket (prices in NIS); plausibly also in Gaza
malt_drink,Bavaria,Bavaria malt drink apple 330 ml glass,بافاريا زجاج 330 مل بطعم التفاح,330,ml,bottle,Netherlands,no,medium,https://www.palbazaar.com/%D9%85%D8%B4%D8%B1%D9%88%D8%A8%D8%A7%D8%AA-%D8%A8%D8%A7%D8%B1%D8%AF%D8%A9,Palestinian online supermarket (prices in NIS); plausibly also in Gaza
malt_drink,Bavaria,Bavaria malt drink peach 330 ml glass,بافاريا زجاج 330 مل بطعم الخوخ,330,ml,bottle,Netherlands,no,medium,https://www.palbazaar.com/%D9%85%D8%B4%D8%B1%D9%88%D8%A8%D8%A7%D8%AA-%D8%A8%D8%A7%D8%B1%D8%AF%D8%A9,Palestinian online supermarket (prices in NIS); plausibly also in Gaza
malt_drink,Bavaria,Bavaria malt drink pomegranate 330 ml glass,بافاريا زجاج 330 مل بطعم الرمان,330,ml,bottle,Netherlands,no,medium,https://www.palbazaar.com/%D9%85%D8%B4%D8%B1%D9%88%D8%A8%D8%A7%D8%AA-%D8%A8%D8%A7%D8%B1%D8%AF%D8%A9,Palestinian online supermarket (prices in NIS); plausibly also in Gaza
malt_drink,Bavaria,Bavaria malt drink strawberry 330 ml glass,بافاريا زجاج 330 مل بطعم الفراولة,330,ml,bottle,Netherlands,no,medium,https://www.palbazaar.com/%D9%85%D8%B4%D8%B1%D9%88%D8%A8%D8%A7%D8%AA-%D8%A8%D8%A7%D8%B1%D8%AF%D8%A9,Palestinian online supermarket (prices in NIS); plausibly also in Gaza
malt_drink,Bavaria,Bavaria malt drink lemon 330 ml glass,بافاريا زجاج 330 مل بطعم الليمون,330,ml,bottle,Netherlands,no,medium,https://www.palbazaar.com/%D9%85%D8%B4%D8%B1%D9%88%D8%A8%D8%A7%D8%AA-%D8%A8%D8%A7%D8%B1%D8%AF%D8%A9,Palestinian online supermarket (prices in NIS); plausibly also in Gaza
malt_drink,Barbican,Barbican malt drink original 330 ml,باربيكان مشروب شعير 330 مل,330,ml,can,Egypt,no,low,https://www.carrefouregypt.com/mafegy/en/search?keyword=malt%20drink,Egyptian retail listing; Egyptian goods reach Gaza via Egyptian traders when crossings allow
malt_drink,Barbican,Barbican malt drink apple 330 ml,باربيكان مشروب شعير بنكهة التفاح 330 مل,330,ml,can,Egypt,no,low,https://www.carrefouregypt.com/mafegy/en/search?keyword=malt%20drink,Egyptian retail listing; Egyptian goods reach Gaza via Egyptian traders when crossings allow
malt_drink,Barbican,Barbican malt drink orange 330 ml,باربيكان مشروب شعير بنكهة البرتقال 330 مل,330,ml,can,Egypt,no,low,https://www.carrefouregypt.com/mafegy/en/search?keyword=malt%20drink,Egyptian retail listing; Egyptian goods reach Gaza via Egyptian traders when crossings allow
malt_drink,Barbican,Barbican malt drink peach 330 ml,باربيكان مشروب شعير بنكهة الخوخ 330 مل,330,ml,can,Egypt,no,low,https://www.carrefouregypt.com/mafegy/en/search?keyword=malt%20drink,Egyptian retail listing; Egyptian goods reach Gaza via Egyptian traders when crossings allow
malt_drink,Barbican,Barbican malt drink berry 330 ml,باربيكان مشروب شعير بنكهة التوت 330 مل,330,ml,can,Egypt,no,low,https://www.carrefouregypt.com/mafegy/en/search?keyword=malt%20drink,Egyptian retail listing; Egyptian goods reach Gaza via Egyptian traders when crossings allow
malt_drink,Moussy,Moussy malt drink apple 275 ml,موسي مشروب شعير تفاح 275 مل,275,ml,bottle,Egypt,no,low,https://www.carrefouregypt.com/mafegy/en/search?keyword=malt%20drink,Egyptian retail listing; Egyptian goods reach Gaza via Egyptian traders when crossings allow
iced_coffee_drink,Tasco,Tasco iced coffee 180 ml,ايس كوفي تاسكو 180 مل,180,ml,can,unknown,no,low,https://www.palbazaar.com/%D9%85%D8%B4%D8%B1%D9%88%D8%A8%D8%A7%D8%AA-%D8%A8%D8%A7%D8%B1%D8%AF%D8%A9,Palestinian online supermarket (prices in NIS); plausibly also in Gaza
iced_coffee_drink,Luna,Luna iced coffee 190 ml,ايس كوفي لونا 190 مل,190,ml,can,unknown,no,low,https://www.palbazaar.com/%D9%85%D8%B4%D8%B1%D9%88%D8%A8%D8%A7%D8%AA-%D8%A8%D8%A7%D8%B1%D8%AF%D8%A9,Palestinian online supermarket (prices in NIS); plausibly also in Gaza
